titulo,preco,quartos,suites,metragem,vagas,link
"SAGOCA, TAGUATINGA NORTE, TAGUATINGA",270000,2,,48,1,https://www.dfimoveis.com.br/imovel/apartamento-2-quartos-venda-taguatinga-norte-taguatinga-df-sagoca-1351720
"QI 3, SETOR INDUSTRIAL, TAGUATINGA",460000,3,1,64,1,https://www.dfimoveis.com.br/imovel/apartamento-3-quartos-venda-setor-industrial-taguatinga-df-qi-3-1385103
"QNL 8 Conjunto D, TAGUATINGA NORTE, TAGUATINGA",275000,2,,63,1,https://www.dfimoveis.com.br/imovel/apartamento-2-quartos-venda-taguatinga-norte-taguatinga-df-qnl-8-conjunto-d-1383124
"QI 3, SETOR INDUSTRIAL, TAGUATINGA",665000,2,1,103,1,https://www.dfimoveis.com.br/imovel/apartamento-2-quartos-venda-setor-industrial-taguatinga-df-qi-3-1109447
"QI 24, SETOR INDUSTRIAL, TAGUATINGA",630000,3,,90,2,https://www.dfimoveis.com.br/imovel/apartamento-3-quartos-venda-setor-industrial-taguatinga-df-qi-24-1404381
"CSA 1, TAGUATINGA SUL, TAGUATINGA",330000,1,,40,,https://www.dfimoveis.com.br/imovel/apartamento-1-quarto-venda-taguatinga-sul-taguatinga-df-csa-1-1351000
"CNB 3, TAGUATINGA NORTE, TAGUATINGA",510000,2,1,63,1,https://www.dfimoveis.com.br/imovel/apartamento-2-quartos-venda-taguatinga-norte-taguatinga-df-cnb-3-1218777
"CNB 5, TAGUATINGA NORTE, TAGUATINGA",350000,3,,80,1,https://www.dfimoveis.com.br/imovel/apartamento-3-quartos-venda-taguatinga-norte-taguatinga-df-cnb-5-1366932
"QI 3, SETOR INDUSTRIAL, TAGUATINGA",365000,2,1,52,1,https://www.dfimoveis.com.br/imovel/apartamento-2-quartos-venda-setor-industrial-taguatinga-df-qi-3-1409137
"CSG 3, TAGUATINGA SUL, TAGUATINGA",429000,1,1,47,2,https://www.dfimoveis.com.br/imovel/apartamento-1-quarto-venda-taguatinga-sul-taguatinga-df-csg-3-1289116
"CNB 8, TAGUATINGA NORTE, TAGUATINGA",310000,2,,65,1,https://www.dfimoveis.com.br/imovel/apartamento-2-quartos-venda-taguatinga-norte-taguatinga-df-cnb-8-1407914
"CNB 6, TAGUATINGA NORTE, TAGUATINGA",330000,2,,63,1,https://www.dfimoveis.com.br/imovel/apartamento-2-quartos-venda-taguatinga-norte-taguatinga-df-cnb-6-1295995
"St Area Especiais Setor C Norte, TAGUATINGA NORTE, TAGUATINGA",540000,3,1,73,1,https://www.dfimoveis.com.br/imovel/apartamento-3-quartos-venda-taguatinga-norte-taguatinga-df-st-area-especiais-setor-c-norte-1169071
"QI 3, SETOR INDUSTRIAL, TAGUATINGA",460000,3,1,65,1,https://www.dfimoveis.com.br/imovel/apartamento-3-quartos-venda-setor-industrial-taguatinga-df-qi-3-1411994
"QNA 42, TAGUATINGA NORTE, TAGUATINGA",470000,3,1,70,1,https://www.dfimoveis.com.br/imovel/apartamento-3-quartos-venda-taguatinga-norte-taguatinga-df-qna-42-1377252
"St Area Especiais Setor C Norte, TAGUATINGA NORTE, TAGUATINGA",390000,62,1,62,1,https://www.dfimoveis.com.br/imovel/apartamento-4-quartos-venda-taguatinga-norte-taguatinga-df-st-area-especiais-setor-c-norte-1402445
"Quadra C 7, TAGUATINGA CENTRO, TAGUATINGA",230000,1,1,32,1,https://www.dfimoveis.com.br/imovel/apartamento-1-quarto-venda-taguatinga-centro-taguatinga-df-quadra-c-7-1374008
"CNB 12, TAGUATINGA NORTE, TAGUATINGA",434000,2,1,55,1,https://www.dfimoveis.com.br/imovel/apartamento-2-quartos-venda-taguatinga-norte-taguatinga-df-cnb-12-799205
"CSB 10, TAGUATINGA SUL, TAGUATINGA",659000,3,2,90,1,https://www.dfimoveis.com.br/imovel/apartamento-3-quartos-venda-taguatinga-sul-taguatinga-df-csb-10-1337202
"CND 4, TAGUATINGA NORTE, TAGUATINGA",220000,2,,73,,https://www.dfimoveis.com.br/imovel/apartamento-2-quartos-venda-taguatinga-norte-taguatinga-df-cnd-4-1187540
"CNB 3, TAGUATINGA NORTE, TAGUATINGA",698000,3,1,93,1,https://www.dfimoveis.com.br/imovel/apartamento-3-quartos-venda-taguatinga-norte-taguatinga-df-cnb-3-1124149
"CNB 01 Lote 03, TAGUATINGA NORTE, TAGUATINGA",290000,2,,61,1,https://www.dfimoveis.com.br/imovel/apartamento-2-quartos-venda-taguatinga-norte-taguatinga-df-cnb-01-lote-03-1130247
"CNB 1, TAGUATINGA NORTE, TAGUATINGA",520000,3,1,82,1,https://www.dfimoveis.com.br/imovel/apartamento-3-quartos-venda-taguatinga-norte-taguatinga-df-cnb-1-1157861
"CSB 6, TAGUATINGA SUL, TAGUATINGA",380000,3,1,59,,https://www.dfimoveis.com.br/imovel/apartamento-3-quartos-venda-taguatinga-sul-taguatinga-df-csb-6-1408422
"CNB 8, TAGUATINGA NORTE, TAGUATINGA",340000,3,,65,1,https://www.dfimoveis.com.br/imovel/apartamento-3-quartos-venda-taguatinga-norte-taguatinga-df-cnb-8-1400132
"CSA 3, TAGUATINGA SUL, TAGUATINGA",300000,2,,53,1,https://www.dfimoveis.com.br/imovel/apartamento-2-quartos-venda-taguatinga-sul-taguatinga-df-csa-3-1366026
"C 07 Lote 05, TAGUATINGA CENTRO, TAGUATINGA",290000,2,,76,1,https://www.dfimoveis.com.br/imovel/apartamento-2-quartos-venda-taguatinga-centro-taguatinga-df-c-07-lote-05-1247973
"QND 12, TAGUATINGA NORTE, TAGUATINGA",385000,3,1,71,2,https://www.dfimoveis.com.br/imovel/apartamento-3-quartos-venda-taguatinga-norte-taguatinga-df-qnd-12-1243506
"CNB 10, TAGUATINGA NORTE, TAGUATINGA",290000,2,,62,1,https://www.dfimoveis.com.br/imovel/apartamento-2-quartos-venda-taguatinga-norte-taguatinga-df-cnb-10-1410105
"Quadra C 7, TAGUATINGA CENTRO, TAGUATINGA",320000,2,1,46,1,https://www.dfimoveis.com.br/imovel/apartamento-2-quartos-venda-taguatinga-centro-taguatinga-df-quadra-c-7-1096855
"CSB 4, TAGUATINGA SUL, TAGUATINGA",270000,3,,59,1,https://www.dfimoveis.com.br/imovel/apartamento-3-quartos-venda-taguatinga-sul-taguatinga-df-csb-4-1398969
"CNB 10, TAGUATINGA NORTE, TAGUATINGA",290000,2,,60,1,https://www.dfimoveis.com.br/imovel/apartamento-2-quartos-venda-taguatinga-norte-taguatinga-df-cnb-10-1348558
"QNL 23 Conjunto E, TAGUATINGA NORTE, TAGUATINGA",269000,2,,62,1,https://www.dfimoveis.com.br/imovel/apartamento-2-quartos-venda-taguatinga-norte-taguatinga-df-qnl-23-conjunto-e-1413277
"CNB 6, TAGUATINGA NORTE, TAGUATINGA",449900,2,2,60,1,https://www.dfimoveis.com.br/imovel/apartamento-2-quartos-venda-taguatinga-norte-taguatinga-df-cnb-6-1287613
"QNL 8 Bloco D, TAGUATINGA NORTE, TAGUATINGA",230000,2,,48,1,https://www.dfimoveis.com.br/imovel/apartamento-2-quartos-venda-taguatinga-norte-taguatinga-df-qnl-8-bloco-d-1224001
"St Area Especiais Setor C Norte, TAGUATINGA NORTE, TAGUATINGA",260000,2,,48,1,https://www.dfimoveis.com.br/imovel/apartamento-2-quartos-venda-taguatinga-norte-taguatinga-df-st-area-especiais-setor-c-norte-1409663
"QSD 14, TAGUATINGA SUL, TAGUATINGA",200000,2,,60,1,https://www.dfimoveis.com.br/imovel/apartamento-2-quartos-venda-taguatinga-sul-taguatinga-df-qsd-14-1419896
"Setor SAGOCA Lote 2 Residencial Esplanada, TAGUATINGA NORTE, TAGUATINGA",365000,3,2,62,1,https://www.dfimoveis.com.br/imovel/apartamento-3-quartos-venda-taguatinga-norte-taguatinga-df-setor-sagoca-lote-2---residencial-esplanada-1357438
"CSB 2, TAGUATINGA SUL, TAGUATINGA",270000,2,,47,,https://www.dfimoveis.com.br/imovel/apartamento-2-quartos-venda-taguatinga-sul-taguatinga-df-csb-2-1419239
"QI 3, SETOR INDUSTRIAL, TAGUATINGA",465000,3,1,75,1,https://www.dfimoveis.com.br/imovel/apartamento-3-quartos-venda-setor-industrial-taguatinga-df-qi-3-1408835
"St Area Especiais Setor C Norte, TAGUATINGA NORTE, TAGUATINGA",289000,2,,48,1,https://www.dfimoveis.com.br/imovel/apartamento-2-quartos-venda-taguatinga-norte-taguatinga-df-st-area-especiais-setor-c-norte-1409657
"CSG 5, TAGUATINGA SUL, TAGUATINGA",530000,1,1,64,1,https://www.dfimoveis.com.br/imovel/apartamento-1-quarto-venda-taguatinga-sul-taguatinga-df-csg-5-1407083
"Quadra C 3, TAGUATINGA CENTRO, TAGUATINGA",350000,2,1,68,1,https://www.dfimoveis.com.br/imovel/apartamento-2-quartos-venda-taguatinga-centro-taguatinga-df-quadra-c-3-1328095
"QI 24, SETOR INDUSTRIAL, TAGUATINGA",410000,2,,44,1,https://www.dfimoveis.com.br/imovel/apartamento-2-quartos-venda-setor-industrial-taguatinga-df-qi-24-1406622
"CSA 3, TAGUATINGA SUL, TAGUATINGA",580000,3,1,88,1,https://www.dfimoveis.com.br/imovel/apartamento-3-quartos-venda-taguatinga-sul-taguatinga-df-csa-3-1366930
"CSB 02 Lote 08, TAGUATINGA SUL, TAGUATINGA",480000,3,1,88,1,https://www.dfimoveis.com.br/imovel/apartamento-3-quartos-venda-taguatinga-sul-taguatinga-df-csb-02-lote-08-1410514
"Setor SAGOCA Lote 4 Residencial Itamaraty, TAGUATINGA NORTE, TAGUATINGA",315000,2,,48,1,https://www.dfimoveis.com.br/imovel/apartamento-2-quartos-venda-taguatinga-norte-taguatinga-df-setor-sagoca-lote-4---residencial-itamaraty-1346783
"CNB 14 Lote 02, TAGUATINGA NORTE, TAGUATINGA",320000,2,,58,1,https://www.dfimoveis.com.br/imovel/apartamento-2-quartos-venda-taguatinga-norte-taguatinga-df-cnb-14-lote-02-1357806
"CNB 3, TAGUATINGA NORTE, TAGUATINGA",750000,3,1,94,1,https://www.dfimoveis.com.br/imovel/apartamento-3-quartos-venda-taguatinga-norte-taguatinga-df-cnb-3-1385245
"QI 3, SETOR INDUSTRIAL, TAGUATINGA",357000,2,1,53,1,https://www.dfimoveis.com.br/imovel/apartamento-2-quartos-venda-setor-industrial-taguatinga-df-qi-3-1373377
"QNC 1 Área Especial 19, TAGUATINGA NORTE, TAGUATINGA",520000,3,1,73,1,https://www.dfimoveis.com.br/imovel/apartamento-3-quartos-venda-taguatinga-norte-taguatinga-df-qnc-1-area-especial-19-1411333
"QNL 5 Bloco C, TAGUATINGA NORTE, TAGUATINGA",350000,2,1,63,2,https://www.dfimoveis.com.br/imovel/apartamento-2-quartos-venda-taguatinga-norte-taguatinga-df-qnl-5-bloco-c-1404766
"Quadra C 7, TAGUATINGA CENTRO, TAGUATINGA",285000,2,,57,,https://www.dfimoveis.com.br/imovel/apartamento-2-quartos-venda-taguatinga-centro-taguatinga-df-quadra-c-7-1408048
"Quadra C 5, TAGUATINGA CENTRO, TAGUATINGA",300000,2,,60,1,https://www.dfimoveis.com.br/imovel/apartamento-2-quartos-venda-taguatinga-centro-taguatinga-df-quadra-c-5-1417300
"CNB 08 Lote 12, TAGUATINGA NORTE, TAGUATINGA",330000,2,,60,,https://www.dfimoveis.com.br/imovel/apartamento-2-quartos-venda-taguatinga-norte-taguatinga-df-cnb-08-lote-12-1356174
"Quadra C 5, TAGUATINGA CENTRO, TAGUATINGA",330000,2,1,65,1,https://www.dfimoveis.com.br/imovel/apartamento-2-quartos-venda-taguatinga-centro-taguatinga-df-quadra-c-5-1194045
"QI 24, SETOR INDUSTRIAL, TAGUATINGA",387000,2,,56,1,https://www.dfimoveis.com.br/imovel/apartamento-2-quartos-venda-setor-industrial-taguatinga-df-qi-24-1290846
"CSB 7, TAGUATINGA SUL, TAGUATINGA",270000,1,,50,1,https://www.dfimoveis.com.br/imovel/apartamento-1-quarto-venda-taguatinga-sul-taguatinga-df-csb-7-1413529
"QNL 23 Bloco D, TAGUATINGA NORTE, TAGUATINGA",269000,2,,62,1,https://www.dfimoveis.com.br/imovel/apartamento-2-quartos-venda-taguatinga-norte-taguatinga-df-qnl-23-bloco-d-1413137
"CSB 5, TAGUATINGA SUL, TAGUATINGA",275000,2,,67,,https://www.dfimoveis.com.br/imovel/apartamento-2-quartos-venda-taguatinga-sul-taguatinga-df-csb-5-1348311
"C 05 Lote 12, TAGUATINGA CENTRO, TAGUATINGA",230000,2,,54,,https://www.dfimoveis.com.br/imovel/apartamento-2-quartos-venda-taguatinga-centro-taguatinga-df-c-05-lote-12-1357788
"QNL 3 Bloco B, TAGUATINGA NORTE, TAGUATINGA",315000,3,,80,2,https://www.dfimoveis.com.br/imovel/apartamento-3-quartos-venda-taguatinga-norte-taguatinga-df-qnl-3-bloco-b-1383108
"CNB 10, TAGUATINGA NORTE, TAGUATINGA",589000,3,2,83,1,https://www.dfimoveis.com.br/imovel/apartamento-3-quartos-venda-taguatinga-norte-taguatinga-df-cnb-10-860925
"CND 5, TAGUATINGA NORTE, TAGUATINGA",220000,3,,77,,https://www.dfimoveis.com.br/imovel/apartamento-3-quartos-venda-taguatinga-norte-taguatinga-df-cnd-5-1304052
"CNB 1, TAGUATINGA NORTE, TAGUATINGA",320000,3,,75,1,https://www.dfimoveis.com.br/imovel/apartamento-3-quartos-venda-taguatinga-norte-taguatinga-df-cnb-1-1404832
"QI 12, SETOR INDUSTRIAL, TAGUATINGA",395000,2,1,56,1,https://www.dfimoveis.com.br/imovel/apartamento-2-quartos-venda-setor-industrial-taguatinga-df-qi-12-1407891
"CSB 10, TAGUATINGA SUL, TAGUATINGA",720000,3,2,90,3,https://www.dfimoveis.com.br/imovel/apartamento-3-quartos-venda-taguatinga-sul-taguatinga-df-csb-10-1365542
"QSE Área Especial 11, TAGUATINGA SUL, TAGUATINGA",340000,2,,55,1,https://www.dfimoveis.com.br/imovel/apartamento-2-quartos-venda-taguatinga-sul-taguatinga-df-qse-area-especial-11-1410515
"CNB 10, TAGUATINGA NORTE, TAGUATINGA",290000,2,,56,1,https://www.dfimoveis.com.br/imovel/apartamento-2-quartos-venda-taguatinga-norte-taguatinga-df-cnb-10-1403690
"CNB 01 Lote 03, TAGUATINGA NORTE, TAGUATINGA",520000,3,2,82,1,https://www.dfimoveis.com.br/imovel/apartamento-3-quartos-venda-taguatinga-norte-taguatinga-df-cnb-01-lote-03-1355157
"SAGOCA, TAGUATINGA NORTE, TAGUATINGA",285000,2,,48,1,https://www.dfimoveis.com.br/imovel/apartamento-2-quartos-venda-taguatinga-norte-taguatinga-df-sagoca-1419906
"CSE 6, TAGUATINGA SUL, TAGUATINGA",247000,1,,55,,https://www.dfimoveis.com.br/imovel/apartamento-1-quarto-venda-taguatinga-sul-taguatinga-df-cse-6-1354886
"QI 24, SETOR INDUSTRIAL, TAGUATINGA",390000,2,1,54,1,https://www.dfimoveis.com.br/imovel/apartamento-2-quartos-venda-setor-industrial-taguatinga-df-qi-24-1369004
"SAGOCA, TAGUATINGA NORTE, TAGUATINGA",419999,3,1,62,1,https://www.dfimoveis.com.br/imovel/apartamento-3-quartos-venda-taguatinga-norte-taguatinga-df-sagoca-1409712
"QSC 19 Chacará 28AQuadra 2, TAGUATINGA SUL, TAGUATINGA",110000,2,,45,,https://www.dfimoveis.com.br/imovel/apartamento-2-quartos-venda-taguatinga-sul-taguatinga-df-qsc-19-chacara-28aquadra-2-1397424
"CSB 2, TAGUATINGA SUL, TAGUATINGA",260000,2,,50,1,https://www.dfimoveis.com.br/imovel/apartamento-2-quartos-venda-taguatinga-sul-taguatinga-df-csb-2-1327203
"QNL 6 Bloco B, TAGUATINGA NORTE, TAGUATINGA",269000,2,,63,2,https://www.dfimoveis.com.br/imovel/apartamento-2-quartos-venda-taguatinga-norte-taguatinga-df-qnl-6-bloco-b-1374980
"QSF 1 Área Especial 6/7/8, TAGUATINGA SUL, TAGUATINGA",535000,2,1,59,1,https://www.dfimoveis.com.br/imovel/apartamento-2-quartos-venda-taguatinga-sul-taguatinga-df-qsf-1-area-especial-6-7-8-1419752
"QNL 11, TAGUATINGA NORTE, TAGUATINGA",280000,3,1,67,2,https://www.dfimoveis.com.br/imovel/apartamento-3-quartos-venda-taguatinga-norte-taguatinga-df-qnl-11-1357439
"QNL 7, TAGUATINGA NORTE, TAGUATINGA",279000,3,,78,1,https://www.dfimoveis.com.br/imovel/apartamento-3-quartos-venda-taguatinga-norte-taguatinga-df-qnl-7-1370543
"CSG 3, TAGUATINGA SUL, TAGUATINGA",590000,2,1,67,1,https://www.dfimoveis.com.br/imovel/apartamento-2-quartos-venda-taguatinga-sul-taguatinga-df-csg-3-1373782
"QI 24, SETOR INDUSTRIAL, TAGUATINGA",350000,2,,44,,https://www.dfimoveis.com.br/imovel/apartamento-2-quartos-venda-setor-industrial-taguatinga-df-qi-24-1369008
"QI 24, SETOR INDUSTRIAL, TAGUATINGA",550000,2,1,103,2,https://www.dfimoveis.com.br/imovel/apartamento-2-quartos-venda-setor-industrial-taguatinga-df-qi-24-1411558
"CSG 3, TAGUATINGA SUL, TAGUATINGA",460000,1,1,68,2,https://www.dfimoveis.com.br/imovel/apartamento-1-quarto-venda-taguatinga-sul-taguatinga-df-csg-3-1371790
"CNB 10, TAGUATINGA NORTE, TAGUATINGA",260000,2,,45,1,https://www.dfimoveis.com.br/imovel/apartamento-2-quartos-venda-taguatinga-norte-taguatinga-df-cnb-10-1410104
"QI 3, SETOR INDUSTRIAL, TAGUATINGA",465000,3,1,64,1,https://www.dfimoveis.com.br/imovel/apartamento-3-quartos-venda-setor-industrial-taguatinga-df-qi-3-1404969
"QI 24, SETOR INDUSTRIAL, TAGUATINGA",397000,2,,50,1,https://www.dfimoveis.com.br/imovel/apartamento-2-quartos-venda-setor-industrial-taguatinga-df-qi-24-1419346
"Setor SAGOCA Lote 2 Residencial Esplanada, TAGUATINGA NORTE, TAGUATINGA",305000,2,,48,1,https://www.dfimoveis.com.br/imovel/apartamento-2-quartos-venda-taguatinga-norte-taguatinga-df-setor-sagoca-lote-2---residencial-esplanada-1413248
"QNJ 58, TAGUATINGA NORTE, TAGUATINGA",290000,3,,76,2,https://www.dfimoveis.com.br/imovel/apartamento-3-quartos-venda-taguatinga-norte-taguatinga-df-qnj-58-1411556
"QI 24, SETOR INDUSTRIAL, TAGUATINGA",355000,2,1,54,1,https://www.dfimoveis.com.br/imovel/apartamento-2-quartos-venda-setor-industrial-taguatinga-df-qi-24-1419284
"CSG 3, TAGUATINGA SUL, TAGUATINGA",419000,1,1,47,1,https://www.dfimoveis.com.br/imovel/apartamento-1-quarto-venda-taguatinga-sul-taguatinga-df-csg-3-1358101
"QSF 1 Área Especial 6/7/8, TAGUATINGA SUL, TAGUATINGA",599000,2,1,83,1,https://www.dfimoveis.com.br/imovel/apartamento-2-quartos-venda-taguatinga-sul-taguatinga-df-qsf-1-area-especial-6-7-8-1329034
"QSF 1 Área Especial 6/7/8, TAGUATINGA SUL, TAGUATINGA",519000,2,1,60,1,https://www.dfimoveis.com.br/imovel/apartamento-2-quartos-venda-taguatinga-sul-taguatinga-df-qsf-1-area-especial-6-7-8-1417254
"Quadra C 2, TAGUATINGA CENTRO, TAGUATINGA",295000,3,,86,,https://www.dfimoveis.com.br/imovel/apartamento-3-quartos-venda-taguatinga-centro-taguatinga-df-quadra-c-2-1206865
"QNC 1, TAGUATINGA NORTE, TAGUATINGA",415000,2,1,60,1,https://www.dfimoveis.com.br/imovel/apartamento-2-quartos-venda-taguatinga-norte-taguatinga-df-qnc-1-1368627
"CSA 3, TAGUATINGA SUL, TAGUATINGA",345000,3,,61,1,https://www.dfimoveis.com.br/imovel/apartamento-3-quartos-venda-taguatinga-sul-taguatinga-df-csa-3-1333089
"CSG 3, TAGUATINGA SUL, TAGUATINGA",530000,1,,62,1,https://www.dfimoveis.com.br/imovel/apartamento-1-quarto-venda-taguatinga-sul-taguatinga-df-csg-3-1407981
"QNC 1 Área Especial 19, TAGUATINGA NORTE, TAGUATINGA",430000,2,1,59,1,https://www.dfimoveis.com.br/imovel/apartamento-2-quartos-venda-taguatinga-norte-taguatinga-df-qnc-1-area-especial-19-1363919
"CSB 9, TAGUATINGA SUL, TAGUATINGA",275000,2,,53,,https://www.dfimoveis.com.br/imovel/apartamento-2-quartos-venda-taguatinga-sul-taguatinga-df-csb-9-1419831
"CNB 10 Lote 14, TAGUATINGA NORTE, TAGUATINGA",240000,2,,43,1,https://www.dfimoveis.com.br/imovel/apartamento-2-quartos-venda-taguatinga-norte-taguatinga-df-cnb-10-lote-14-1371070
"SAGOCA, TAGUATINGA NORTE, TAGUATINGA",310000,2,,48,1,https://www.dfimoveis.com.br/imovel/apartamento-2-quartos-venda-taguatinga-norte-taguatinga-df-sagoca-1385258
"QNL 17, TAGUATINGA NORTE, TAGUATINGA",280000,2,1,76,1,https://www.dfimoveis.com.br/imovel/apartamento-2-quartos-venda-taguatinga-norte-taguatinga-df-qnl-17-1185053
"CNB 6, TAGUATINGA NORTE, TAGUATINGA",450000,2,2,60,1,https://www.dfimoveis.com.br/imovel/apartamento-2-quartos-venda-taguatinga-norte-taguatinga-df-cnb-6-485996
"Setor SAGOCA Lote 4 Residencial Itamaraty, TAGUATINGA NORTE, TAGUATINGA",370000,3,1,62,1,https://www.dfimoveis.com.br/imovel/apartamento-3-quartos-venda-taguatinga-norte-taguatinga-df-setor-sagoca-lote-4---residencial-itamaraty-1361081
"CSG 3, TAGUATINGA SUL, TAGUATINGA",395000,1,1,47,2,https://www.dfimoveis.com.br/imovel/apartamento-1-quarto-venda-taguatinga-sul-taguatinga-df-csg-3-505985
"QI 24, SETOR INDUSTRIAL, TAGUATINGA",289000,2,,50,1,https://www.dfimoveis.com.br/imovel/apartamento-2-quartos-venda-setor-industrial-taguatinga-df-qi-24-1345106
"QI 24 LoteS 1 A 13, SETOR INDUSTRIAL, TAGUATINGA",350000,2,1,55,1,https://www.dfimoveis.com.br/imovel/apartamento-2-quartos-venda-setor-industrial-taguatinga-df-qi-24-lotes-1-a-13-1411560
"QI 3, SETOR INDUSTRIAL, TAGUATINGA",420000,3,1,70,1,https://www.dfimoveis.com.br/imovel/apartamento-3-quartos-venda-setor-industrial-taguatinga-df-qi-3-1418515
"CSG 3, TAGUATINGA SUL, TAGUATINGA",650000,2,1,70,1,https://www.dfimoveis.com.br/imovel/apartamento-2-quartos-venda-taguatinga-sul-taguatinga-df-csg-3-1404136
"CSA 1, TAGUATINGA SUL, TAGUATINGA",268000,1,,29,,https://www.dfimoveis.com.br/imovel/apartamento-1-quarto-venda-taguatinga-sul-taguatinga-df-csa-1-1404317
"CNB 6, TAGUATINGA NORTE, TAGUATINGA",495000,2,2,59,1,https://www.dfimoveis.com.br/imovel/apartamento-2-quartos-venda-taguatinga-norte-taguatinga-df-cnb-6-1405658
"QI 24, SETOR INDUSTRIAL, TAGUATINGA",310000,2,1,45,1,https://www.dfimoveis.com.br/imovel/apartamento-2-quartos-venda-setor-industrial-taguatinga-df-qi-24-1368153
"QSF 1, TAGUATINGA SUL, TAGUATINGA",550000,2,1,60,,https://www.dfimoveis.com.br/imovel/apartamento-2-quartos-venda-taguatinga-sul-taguatinga-df-qsf-1-1411643
"QI 24, SETOR INDUSTRIAL, TAGUATINGA",540000,2,,90,2,https://www.dfimoveis.com.br/imovel/apartamento-2-quartos-venda-setor-industrial-taguatinga-df-qi-24-1385183
"CSG 3, TAGUATINGA SUL, TAGUATINGA",680000,1,1,102,1,https://www.dfimoveis.com.br/imovel/apartamento-1-quarto-venda-taguatinga-sul-taguatinga-df-csg-3-1214300
"QNL 17 Bloco D, TAGUATINGA NORTE, TAGUATINGA",285000,2,,63,1,https://www.dfimoveis.com.br/imovel/apartamento-2-quartos-venda-taguatinga-norte-taguatinga-df-qnl-17-bloco-d-1419501
"CSB 7, TAGUATINGA SUL, TAGUATINGA",770000,3,1,97,1,https://www.dfimoveis.com.br/imovel/apartamento-3-quartos-venda-taguatinga-sul-taguatinga-df-csb-7-1301557
"QNL 12 Bloco A, TAGUATINGA NORTE, TAGUATINGA",255000,2,,42,2,https://www.dfimoveis.com.br/imovel/apartamento-2-quartos-venda-taguatinga-norte-taguatinga-df-qnl-12-bloco-a-1285519
"QI 24 LoteS 14 A 27, SETOR INDUSTRIAL, TAGUATINGA",370000,2,1,52,1,https://www.dfimoveis.com.br/imovel/apartamento-2-quartos-venda-setor-industrial-taguatinga-df-qi-24-lotes-14-a-27-1418299
"QNB 5, TAGUATINGA NORTE, TAGUATINGA",320000,2,1,65,1,https://www.dfimoveis.com.br/imovel/apartamento-2-quartos-venda-taguatinga-norte-taguatinga-df-qnb-5-1332635
"CSA 1, TAGUATINGA SUL, TAGUATINGA",440000,1,1,62,1,https://www.dfimoveis.com.br/imovel/apartamento-1-quarto-venda-taguatinga-sul-taguatinga-df-csa-1-1402353
"CSG 3, TAGUATINGA SUL, TAGUATINGA",450000,2,,64,1,https://www.dfimoveis.com.br/imovel/apartamento-2-quartos-venda-taguatinga-sul-taguatinga-df-csg-3-1265951
"CNB 6, TAGUATINGA NORTE, TAGUATINGA",480000,2,2,60,2,https://www.dfimoveis.com.br/imovel/apartamento-2-quartos-venda-taguatinga-norte-taguatinga-df-cnb-6-1373086
"CNB 12, TAGUATINGA NORTE, TAGUATINGA",400000,2,1,70,1,https://www.dfimoveis.com.br/imovel/apartamento-2-quartos-venda-taguatinga-norte-taguatinga-df-cnb-12-1013720
"CSB 7, TAGUATINGA SUL, TAGUATINGA",220000,2,,40,,https://www.dfimoveis.com.br/imovel/apartamento-2-quartos-venda-taguatinga-sul-taguatinga-df-csb-7-1298095
"QSC 19 Chacará 26, TAGUATINGA SUL, TAGUATINGA",265000,2,2,83,1,https://www.dfimoveis.com.br/imovel/apartamento-2-quartos-venda-taguatinga-sul-taguatinga-df-qsc-19-chacara-26-1383661
"QNM 34, TAGUATINGA NORTE, TAGUATINGA",375000,3,1,63,,https://www.dfimoveis.com.br/imovel/apartamento-3-quartos-venda-taguatinga-norte-taguatinga-df-qnm-34-1402502
"SAGOCA, TAGUATINGA NORTE, TAGUATINGA",410000,3,1,63,1,https://www.dfimoveis.com.br/imovel/apartamento-3-quartos-venda-taguatinga-norte-taguatinga-df-sagoca-1410292
"Quadra C 4, TAGUATINGA CENTRO, TAGUATINGA",180000,2,,50,,https://www.dfimoveis.com.br/imovel/apartamento-2-quartos-venda-taguatinga-centro-taguatinga-df-quadra-c-4-1401810
"SAGOCA, TAGUATINGA NORTE, TAGUATINGA",365000,3,1,62,1,https://www.dfimoveis.com.br/imovel/apartamento-3-quartos-venda-taguatinga-norte-taguatinga-df-sagoca-1362156
"QNC 1, TAGUATINGA NORTE, TAGUATINGA",540000,3,1,73,1,https://www.dfimoveis.com.br/imovel/apartamento-3-quartos-venda-taguatinga-norte-taguatinga-df-qnc-1-1262351
"Quadra C 6, TAGUATINGA CENTRO, TAGUATINGA",349000,1,1,49,1,https://www.dfimoveis.com.br/imovel/apartamento-1-quarto-venda-taguatinga-centro-taguatinga-df-quadra-c-6-1420412
"CNB 5, TAGUATINGA NORTE, TAGUATINGA",360000,3,,80,1,https://www.dfimoveis.com.br/imovel/apartamento-3-quartos-venda-taguatinga-norte-taguatinga-df-cnb-5-1407113
"Setor SAGOCA Lote 2 Residencial JK, TAGUATINGA NORTE, TAGUATINGA",375000,3,1,62,1,https://www.dfimoveis.com.br/imovel/apartamento-3-quartos-venda-taguatinga-norte-taguatinga-df-setor-sagoca-lote-2---residencial-jk-1400037
"Quadra C 5, TAGUATINGA CENTRO, TAGUATINGA",296490,2,,73,,https://www.dfimoveis.com.br/imovel/apartamento-2-quartos-venda-taguatinga-centro-taguatinga-df-quadra-c-5-1406657
"QSF 1 Área Especial 6/7/8, TAGUATINGA SUL, TAGUATINGA",597000,2,1,82,1,https://www.dfimoveis.com.br/imovel/apartamento-2-quartos-venda-taguatinga-sul-taguatinga-df-qsf-1-area-especial-6-7-8-1369023
"SAGOCA, TAGUATINGA NORTE, TAGUATINGA",327000,2,,48,1,https://www.dfimoveis.com.br/imovel/apartamento-2-quartos-venda-taguatinga-norte-taguatinga-df-sagoca-1411652
"CSB 3, TAGUATINGA SUL, TAGUATINGA",482000,2,1,58,1,https://www.dfimoveis.com.br/imovel/apartamento-2-quartos-venda-taguatinga-sul-taguatinga-df-csb-3-1350882
"CSG 3, TAGUATINGA SUL, TAGUATINGA",499000,2,,64,1,https://www.dfimoveis.com.br/imovel/apartamento-2-quartos-venda-taguatinga-sul-taguatinga-df-csg-3-1383677
"CSG 3, TAGUATINGA SUL, TAGUATINGA",349900,1,1,47,1,https://www.dfimoveis.com.br/imovel/apartamento-1-quarto-venda-taguatinga-sul-taguatinga-df-csg-3-1401881
"QSF 1, TAGUATINGA SUL, TAGUATINGA",485000,2,1,59,1,https://www.dfimoveis.com.br/imovel/apartamento-2-quartos-venda-taguatinga-sul-taguatinga-df-qsf-1-1358796
"QSF AE, TAGUATINGA SUL, TAGUATINGA",390000,1,,43,1,https://www.dfimoveis.com.br/imovel/apartamento-1-quarto-venda-taguatinga-sul-taguatinga-df-qsf-ae-1363081
"QI 19, SETOR INDUSTRIAL, TAGUATINGA",650000,3,1,81,1,https://www.dfimoveis.com.br/imovel/apartamento-3-quartos-venda-setor-industrial-taguatinga-df-qi-19-1071819
"QSA 4, TAGUATINGA SUL, TAGUATINGA",610000,3,1,90,2,https://www.dfimoveis.com.br/imovel/apartamento-3-quartos-venda-taguatinga-sul-taguatinga-df-qsa-4-1373258
"QNL 1 Bloco B, TAGUATINGA NORTE, TAGUATINGA",350000,3,,72,1,https://www.dfimoveis.com.br/imovel/apartamento-3-quartos-venda-taguatinga-norte-taguatinga-df-qnl-1-bloco-b-1377374
"QI 24 LoteS 14 A 27, SETOR INDUSTRIAL, TAGUATINGA",320000,2,,47,1,https://www.dfimoveis.com.br/imovel/apartamento-2-quartos-venda-setor-industrial-taguatinga-df-qi-24-lotes-14-a-27-1363036
"CSG 3, TAGUATINGA SUL, TAGUATINGA",380000,1,1,46,1,https://www.dfimoveis.com.br/imovel/apartamento-1-quarto-venda-taguatinga-sul-taguatinga-df-csg-3-1411488
"Quadra C 1, TAGUATINGA CENTRO, TAGUATINGA",390000,2,,53,1,https://www.dfimoveis.com.br/imovel/apartamento-2-quartos-venda-taguatinga-centro-taguatinga-df-quadra-c-1-1397616
"CSA 03 Lote 07, TAGUATINGA SUL, TAGUATINGA",599000,3,1,102,1,https://www.dfimoveis.com.br/imovel/apartamento-3-quartos-venda-taguatinga-sul-taguatinga-df-csa-03-lote-07-1402181
"CNB 12, TAGUATINGA NORTE, TAGUATINGA",290000,1,1,42,,https://www.dfimoveis.com.br/imovel/apartamento-1-quarto-venda-taguatinga-norte-taguatinga-df-cnb-12-1289471
"CNB 1, TAGUATINGA NORTE, TAGUATINGA",270000,2,,70,,https://www.dfimoveis.com.br/imovel/apartamento-2-quartos-venda-taguatinga-norte-taguatinga-df-cnb-1-1143526
"CSB 3, TAGUATINGA SUL, TAGUATINGA",340000,3,1,77,,https://www.dfimoveis.com.br/imovel/apartamento-3-quartos-venda-taguatinga-sul-taguatinga-df-csb-3-1143214
"QNC 3, TAGUATINGA NORTE, TAGUATINGA",260000,1,,34,,https://www.dfimoveis.com.br/imovel/apartamento-1-quarto-venda-taguatinga-norte-taguatinga-df-qnc-3-1341362
"CSB 4, TAGUATINGA SUL, TAGUATINGA",400000,2,,81,,https://www.dfimoveis.com.br/imovel/apartamento-2-quartos-venda-taguatinga-sul-taguatinga-df-csb-4-1410534
"CNB 2, TAGUATINGA NORTE, TAGUATINGA",480000,3,1,68,1,https://www.dfimoveis.com.br/imovel/apartamento-3-quartos-venda-taguatinga-norte-taguatinga-df-cnb-2-1291008
"CNB 10, TAGUATINGA NORTE, TAGUATINGA",260000,2,,43,1,https://www.dfimoveis.com.br/imovel/apartamento-2-quartos-venda-taguatinga-norte-taguatinga-df-cnb-10-1257746
"SAGOCA, TAGUATINGA NORTE, TAGUATINGA",385000,3,1,68,1,https://www.dfimoveis.com.br/imovel/apartamento-3-quartos-venda-taguatinga-norte-taguatinga-df-sagoca-1419888
"QI 24 LoteS 1 A 13, SETOR INDUSTRIAL, TAGUATINGA",530000,2,,90,2,https://www.dfimoveis.com.br/imovel/apartamento-2-quartos-venda-setor-industrial-taguatinga-df-qi-24-lotes-1-a-13-1290794
"QNL 1 Bloco C, TAGUATINGA NORTE, TAGUATINGA",337000,3,,76,1,https://www.dfimoveis.com.br/imovel/apartamento-3-quartos-venda-taguatinga-norte-taguatinga-df-qnl-1-bloco-c-1296987
"QI 24, SETOR INDUSTRIAL, TAGUATINGA",335000,2,1,55,1,https://www.dfimoveis.com.br/imovel/apartamento-2-quartos-venda-setor-industrial-taguatinga-df-qi-24-1400130
"CNB 14 Lote 02, TAGUATINGA NORTE, TAGUATINGA",320000,2,1,59,1,https://www.dfimoveis.com.br/imovel/apartamento-2-quartos-venda-taguatinga-norte-taguatinga-df-cnb-14-lote-02-1225563
"QNL 8 Bloco B, TAGUATINGA NORTE, TAGUATINGA",260000,2,,76,1,https://www.dfimoveis.com.br/imovel/apartamento-2-quartos-venda-taguatinga-norte-taguatinga-df-qnl-8-bloco-b-1268374
"CSG 3, TAGUATINGA SUL, TAGUATINGA",350000,1,1,37,1,https://www.dfimoveis.com.br/imovel/apartamento-1-quarto-venda-taguatinga-sul-taguatinga-df-csg-3-1176679
"Quadra C 1, TAGUATINGA CENTRO, TAGUATINGA",395000,2,1,49,1,https://www.dfimoveis.com.br/imovel/apartamento-2-quartos-venda-taguatinga-centro-taguatinga-df-quadra-c-1-1409045
"QNL 9 Bloco B, TAGUATINGA NORTE, TAGUATINGA",270500,2,,65,1,https://www.dfimoveis.com.br/imovel/apartamento-2-quartos-venda-taguatinga-norte-taguatinga-df-qnl-9-bloco-b-1293584
"SAGOCA, TAGUATINGA NORTE, TAGUATINGA",390000,3,1,62,1,https://www.dfimoveis.com.br/imovel/apartamento-3-quartos-venda-taguatinga-norte-taguatinga-df-sagoca-1406779
"CNB 2, TAGUATINGA NORTE, TAGUATINGA",480000,3,1,69,1,https://www.dfimoveis.com.br/imovel/apartamento-3-quartos-venda-taguatinga-norte-taguatinga-df-cnb-2-1403807
"QI 24, SETOR INDUSTRIAL, TAGUATINGA",360000,2,,44,1,https://www.dfimoveis.com.br/imovel/apartamento-2-quartos-venda-setor-industrial-taguatinga-df-qi-24-1328275
"EQNL 1/3 Bloco C, TAGUATINGA NORTE, TAGUATINGA",109990,1,,30,,https://www.dfimoveis.com.br/imovel/kitnet-1-quarto-venda-taguatinga-norte-taguatinga-df-eqnl-1-3-bloco-c-1146636
"CNB 14 Lote 02, TAGUATINGA NORTE, TAGUATINGA",290000,2,,59,1,https://www.dfimoveis.com.br/imovel/apartamento-2-quartos-venda-taguatinga-norte-taguatinga-df-cnb-14-lote-02-1199904
"QI 3, SETOR INDUSTRIAL, TAGUATINGA",650000,2,1,103,1,https://www.dfimoveis.com.br/imovel/apartamento-2-quartos-venda-setor-industrial-taguatinga-df-qi-3-1419166
"C 07 Lote 08, TAGUATINGA CENTRO, TAGUATINGA",240000,2,,67,,https://www.dfimoveis.com.br/imovel/apartamento-2-quartos-venda-taguatinga-centro-taguatinga-df-c-07-lote-08-1419567
"CSB 02 Lote 08, TAGUATINGA SUL, TAGUATINGA",290000,2,,74,,https://www.dfimoveis.com.br/imovel/apartamento-2-quartos-venda-taguatinga-sul-taguatinga-df-csb-02-lote-08-1383095
"QSF 1 Área Especial 6/7/8, TAGUATINGA SUL, TAGUATINGA",469000,2,1,60,1,https://www.dfimoveis.com.br/imovel/apartamento-2-quartos-venda-taguatinga-sul-taguatinga-df-qsf-1-area-especial-6-7-8-1419925
"QI 3, SETOR INDUSTRIAL, TAGUATINGA",399000,3,1,65,1,https://www.dfimoveis.com.br/imovel/apartamento-3-quartos-venda-setor-industrial-taguatinga-df-qi-3-963046
"QNL 1 Bloco C, TAGUATINGA NORTE, TAGUATINGA",280000,3,,64,1,https://www.dfimoveis.com.br/imovel/apartamento-3-quartos-venda-taguatinga-norte-taguatinga-df-qnl-1-bloco-c-1282066
"CSG 3, TAGUATINGA SUL, TAGUATINGA",350000,1,,57,1,https://www.dfimoveis.com.br/imovel/apartamento-1-quarto-venda-taguatinga-sul-taguatinga-df-csg-3-1363745
"CSB 04 Lote 06, TAGUATINGA SUL, TAGUATINGA",270000,3,1,60,,https://www.dfimoveis.com.br/imovel/apartamento-3-quartos-venda-taguatinga-sul-taguatinga-df-csb-04-lote-06-1161805
"CNB 10, TAGUATINGA NORTE, TAGUATINGA",587900,3,2,83,1,https://www.dfimoveis.com.br/imovel/apartamento-3-quartos-venda-taguatinga-norte-taguatinga-df-cnb-10-1339365
"Quadra C 11, TAGUATINGA CENTRO, TAGUATINGA",300000,3,1,102,1,https://www.dfimoveis.com.br/imovel/apartamento-3-quartos-venda-taguatinga-centro-taguatinga-df-quadra-c-11-1156454
"Quadra C 5, TAGUATINGA CENTRO, TAGUATINGA",228000,3,,85,,https://www.dfimoveis.com.br/imovel/apartamento-3-quartos-venda-taguatinga-centro-taguatinga-df-quadra-c-5-962579
"CSG 3, TAGUATINGA SUL, TAGUATINGA",660000,1,,100,1,https://www.dfimoveis.com.br/imovel/apartamento-1-quarto-venda-taguatinga-sul-taguatinga-df-csg-3-1365902
"CNB 12, TAGUATINGA NORTE, TAGUATINGA",399000,2,1,70,1,https://www.dfimoveis.com.br/imovel/apartamento-2-quartos-venda-taguatinga-norte-taguatinga-df-cnb-12-1216197
"CNB 10, TAGUATINGA NORTE, TAGUATINGA",310000,2,,80,1,https://www.dfimoveis.com.br/imovel/apartamento-2-quartos-venda-taguatinga-norte-taguatinga-df-cnb-10-1416180
"CNB 14 Lote 02, TAGUATINGA NORTE, TAGUATINGA",285000,2,,60,1,https://www.dfimoveis.com.br/imovel/apartamento-2-quartos-venda-taguatinga-norte-taguatinga-df-cnb-14-lote-02-1406897
"CNB 01 Lote 02, TAGUATINGA NORTE, TAGUATINGA",270000,2,,88,,https://www.dfimoveis.com.br/imovel/apartamento-2-quartos-venda-taguatinga-norte-taguatinga-df-cnb-01-lote-02-1342476
"CNB 6, TAGUATINGA NORTE, TAGUATINGA",529000,2,1,61,1,https://www.dfimoveis.com.br/imovel/apartamento-2-quartos-venda-taguatinga-norte-taguatinga-df-cnb-6-1417212
"SAGOCA, TAGUATINGA NORTE, TAGUATINGA",315000,2,,48,1,https://www.dfimoveis.com.br/imovel/apartamento-2-quartos-venda-taguatinga-norte-taguatinga-df-sagoca-1348123
"Quadra C 7, TAGUATINGA CENTRO, TAGUATINGA",360000,3,1,70,,https://www.dfimoveis.com.br/imovel/apartamento-3-quartos-venda-taguatinga-centro-taguatinga-df-quadra-c-7-1362939
"QI 12, SETOR INDUSTRIAL, TAGUATINGA",502092,3,1,65,1,https://www.dfimoveis.com.br/imovel/apartamento-3-quartos-venda-setor-industrial-taguatinga-df-qi-12-1266756
"CSB 10, TAGUATINGA SUL, TAGUATINGA",700000,3,1,77,1,https://www.dfimoveis.com.br/imovel/apartamento-3-quartos-venda-taguatinga-sul-taguatinga-df-csb-10-1417259
"C 05 Lote 12, TAGUATINGA CENTRO, TAGUATINGA",230000,3,,58,,https://www.dfimoveis.com.br/imovel/apartamento-3-quartos-venda-taguatinga-centro-taguatinga-df-c-05-lote-12-1161260
"CSB 6, TAGUATINGA SUL, TAGUATINGA",259990,2,,59,,https://www.dfimoveis.com.br/imovel/apartamento-2-quartos-venda-taguatinga-sul-taguatinga-df-csb-6-1419923
"CSG 3, TAGUATINGA SUL, TAGUATINGA",450000,2,,62,1,https://www.dfimoveis.com.br/imovel/apartamento-2-quartos-venda-taguatinga-sul-taguatinga-df-csg-3-1323014
"QNB 5, TAGUATINGA NORTE, TAGUATINGA",425000,3,1,93,1,https://www.dfimoveis.com.br/imovel/apartamento-3-quartos-venda-taguatinga-norte-taguatinga-df-qnb-5-1114804
"CNB 2, TAGUATINGA NORTE, TAGUATINGA",380000,2,,71,1,https://www.dfimoveis.com.br/imovel/apartamento-2-quartos-venda-taguatinga-norte-taguatinga-df-cnb-2-1374762
"CSG 3, TAGUATINGA SUL, TAGUATINGA",330000,1,1,36,1,https://www.dfimoveis.com.br/imovel/apartamento-1-quarto-venda-taguatinga-sul-taguatinga-df-csg-3-1161775
"QI 24, SETOR INDUSTRIAL, TAGUATINGA",320000,2,,45,1,https://www.dfimoveis.com.br/imovel/apartamento-2-quartos-venda-setor-industrial-taguatinga-df-qi-24-1344431
"QNC 1 Área Especial 21, TAGUATINGA NORTE, TAGUATINGA",525000,3,1,85,1,https://www.dfimoveis.com.br/imovel/apartamento-3-quartos-venda-taguatinga-norte-taguatinga-df-qnc-1-area-especial-21-1112575
"Quadra C 4, TAGUATINGA CENTRO, TAGUATINGA",198500,2,,47,,https://www.dfimoveis.com.br/imovel/apartamento-2-quartos-venda-taguatinga-centro-taguatinga-df-quadra-c-4-1411930
"QNM 34 Conjunto D2, TAGUATINGA NORTE, TAGUATINGA",240000,1,,35,1,https://www.dfimoveis.com.br/imovel/apartamento-1-quarto-venda-taguatinga-norte-taguatinga-df-qnm-34-conjunto-d2-1411178
"CSG 3, TAGUATINGA SUL, TAGUATINGA",530000,1,1,54,1,https://www.dfimoveis.com.br/imovel/apartamento-1-quarto-venda-taguatinga-sul-taguatinga-df-csg-3-1410536
"QNL 15 Bloco D, TAGUATINGA NORTE, TAGUATINGA",350000,2,1,68,1,https://www.dfimoveis.com.br/imovel/apartamento-2-quartos-venda-taguatinga-norte-taguatinga-df-qnl-15-bloco-d-1419907
"QNC 1 Área Especial 19, TAGUATINGA NORTE, TAGUATINGA",470000,2,,60,1,https://www.dfimoveis.com.br/imovel/apartamento-2-quartos-venda-taguatinga-norte-taguatinga-df-qnc-1-area-especial-19-1190996
"QNL 3 Bloco B, TAGUATINGA NORTE, TAGUATINGA",320000,3,,80,,https://www.dfimoveis.com.br/imovel/apartamento-3-quartos-venda-taguatinga-norte-taguatinga-df-qnl-3-bloco-b-1402178
"CNB 5, TAGUATINGA NORTE, TAGUATINGA",320000,3,,80,1,https://www.dfimoveis.com.br/imovel/apartamento-3-quartos-venda-taguatinga-norte-taguatinga-df-cnb-5-1355024
"CSB 3, TAGUATINGA SUL, TAGUATINGA",440000,3,,102,1,https://www.dfimoveis.com.br/imovel/apartamento-3-quartos-venda-taguatinga-sul-taguatinga-df-csb-3-1410512
"QI 24, SETOR INDUSTRIAL, TAGUATINGA",320000,2,1,55,1,https://www.dfimoveis.com.br/imovel/apartamento-2-quartos-venda-setor-industrial-taguatinga-df-qi-24-1407745
"Quadra C 7, TAGUATINGA CENTRO, TAGUATINGA",359000,3,1,89,,https://www.dfimoveis.com.br/imovel/apartamento-3-quartos-venda-taguatinga-centro-taguatinga-df-quadra-c-7-1416482
"SAGOCA, TAGUATINGA NORTE, TAGUATINGA",268000,2,,48,1,https://www.dfimoveis.com.br/imovel/apartamento-2-quartos-venda-taguatinga-norte-taguatinga-df-sagoca-1408923
"QI 3, SETOR INDUSTRIAL, TAGUATINGA",490000,3,1,70,1,https://www.dfimoveis.com.br/imovel/apartamento-3-quartos-venda-setor-industrial-taguatinga-df-qi-3-1329135
"Rodovia DF 240, Km 86 Chácara 45, TAGUATINGA NORTE, TAGUATINGA",365000,2,1,75,1,https://www.dfimoveis.com.br/imovel/apartamento-2-quartos-venda-taguatinga-norte-taguatinga-df-rodovia-df-240-km-86---chacara-45-1328758
"CNB 8, TAGUATINGA NORTE, TAGUATINGA",338000,3,,59,1,https://www.dfimoveis.com.br/imovel/apartamento-3-quartos-venda-taguatinga-norte-taguatinga-df-cnb-8-1410533
"Setor SAGOCA Lote 2 Residencial Esplanada, TAGUATINGA NORTE, TAGUATINGA",379000,3,1,63,1,https://www.dfimoveis.com.br/imovel/apartamento-3-quartos-venda-taguatinga-norte-taguatinga-df-setor-sagoca-lote-2---residencial-esplanada-1239041
"QI 24 LoteS 14 A 27, SETOR INDUSTRIAL, TAGUATINGA",320000,2,1,52,1,https://www.dfimoveis.com.br/imovel/apartamento-2-quartos-venda-setor-industrial-taguatinga-df-qi-24-lotes-14-a-27-1354091
"CSB 3, TAGUATINGA SUL, TAGUATINGA",440000,3,,88,1,https://www.dfimoveis.com.br/imovel/apartamento-3-quartos-venda-taguatinga-sul-taguatinga-df-csb-3-1213543
"CSG 3, TAGUATINGA SUL, TAGUATINGA",350000,1,,44,1,https://www.dfimoveis.com.br/imovel/apartamento-1-quarto-venda-taguatinga-sul-taguatinga-df-csg-3-1141189
"QSE 7, TAGUATINGA SUL, TAGUATINGA",240000,3,,70,,https://www.dfimoveis.com.br/imovel/apartamento-3-quartos-venda-taguatinga-sul-taguatinga-df-qse-7-1419909
"QI 24, SETOR INDUSTRIAL, TAGUATINGA",479900,3,1,63,1,https://www.dfimoveis.com.br/imovel/apartamento-3-quartos-venda-setor-industrial-taguatinga-df-qi-24-1360737
"CSB 10, TAGUATINGA SUL, TAGUATINGA",550000,3,1,68,1,https://www.dfimoveis.com.br/imovel/apartamento-3-quartos-venda-taguatinga-sul-taguatinga-df-csb-10-1257450
"C 10 Lote 02/03, TAGUATINGA CENTRO, TAGUATINGA",278000,3,,62,,https://www.dfimoveis.com.br/imovel/apartamento-3-quartos-venda-taguatinga-centro-taguatinga-df-c-10-lote-02-03-1235716
"Quadra C 3, TAGUATINGA CENTRO, TAGUATINGA",268000,2,,54,1,https://www.dfimoveis.com.br/imovel/apartamento-2-quartos-venda-taguatinga-centro-taguatinga-df-quadra-c-3-1354246
"CNB 14, TAGUATINGA NORTE, TAGUATINGA",254000,2,,60,,https://www.dfimoveis.com.br/imovel/apartamento-2-quartos-venda-taguatinga-norte-taguatinga-df-cnb-14-1372349
"QI 19, SETOR INDUSTRIAL, TAGUATINGA",699990,3,3,84,2,https://www.dfimoveis.com.br/imovel/apartamento-3-quartos-venda-setor-industrial-taguatinga-df-qi-19-1317660
"Quadra C 11, TAGUATINGA CENTRO, TAGUATINGA",350000,2,1,62,1,https://www.dfimoveis.com.br/imovel/apartamento-2-quartos-venda-taguatinga-centro-taguatinga-df-quadra-c-11-1328293
"CNB 13, TAGUATINGA NORTE, TAGUATINGA",309000,2,,63,1,https://www.dfimoveis.com.br/imovel/apartamento-2-quartos-venda-taguatinga-norte-taguatinga-df-cnb-13-1352631
"Setor SAGOCA Lote 2 Residencial Esplanada, TAGUATINGA NORTE, TAGUATINGA",350000,2,,48,1,https://www.dfimoveis.com.br/imovel/apartamento-2-quartos-venda-taguatinga-norte-taguatinga-df-setor-sagoca-lote-2---residencial-esplanada-1214942
"CNB 7, TAGUATINGA NORTE, TAGUATINGA",250000,1,,49,,https://www.dfimoveis.com.br/imovel/apartamento-1-quarto-venda-taguatinga-norte-taguatinga-df-cnb-7-1374984
"CNB 6, TAGUATINGA NORTE, TAGUATINGA",504000,2,1,59,,https://www.dfimoveis.com.br/imovel/apartamento-2-quartos-venda-taguatinga-norte-taguatinga-df-cnb-6-1061334
"CSA 1, TAGUATINGA SUL, TAGUATINGA",200000,2,,63,,https://www.dfimoveis.com.br/imovel/apartamento-2-quartos-venda-taguatinga-sul-taguatinga-df-csa-1-1318985
"QNB 5, TAGUATINGA NORTE, TAGUATINGA",315000,1,1,55,1,https://www.dfimoveis.com.br/imovel/apartamento-1-quarto-venda-taguatinga-norte-taguatinga-df-qnb-5-1180121
"CSB 8, TAGUATINGA SUL, TAGUATINGA",320000,2,,58,,https://www.dfimoveis.com.br/imovel/apartamento-2-quartos-venda-taguatinga-sul-taguatinga-df-csb-8-1161307
"QNC 1, TAGUATINGA NORTE, TAGUATINGA",420000,2,1,59,1,https://www.dfimoveis.com.br/imovel/apartamento-2-quartos-venda-taguatinga-norte-taguatinga-df-qnc-1-1414827
"SAGOCA, TAGUATINGA NORTE, TAGUATINGA",430000,3,1,65,1,https://www.dfimoveis.com.br/imovel/apartamento-3-quartos-venda-taguatinga-norte-taguatinga-df-sagoca-1330202
"CSB 06 Blocos A AO D LoteS 1/2, TAGUATINGA SUL, TAGUATINGA",480000,3,1,88,1,https://www.dfimoveis.com.br/imovel/apartamento-3-quartos-venda-taguatinga-sul-taguatinga-df-csb-06-blocos-a-ao-d-lotes-1-2-1411287
"SAGOCA, TAGUATINGA NORTE, TAGUATINGA",368000,3,1,62,1,https://www.dfimoveis.com.br/imovel/apartamento-3-quartos-venda-taguatinga-norte-taguatinga-df-sagoca-1336901
"SETOR HOTELEIRO, TAGUATINGA CENTRO, TAGUATINGA",185000,1,,33,1,https://www.dfimoveis.com.br/imovel/apartamento-1-quarto-venda-taguatinga-centro-taguatinga-df-setor-hoteleiro-1407747
"CSG 3, TAGUATINGA SUL, TAGUATINGA",415000,1,,46,2,https://www.dfimoveis.com.br/imovel/apartamento-1-quarto-venda-taguatinga-sul-taguatinga-df-csg-3-1323794
"QSF 1 Área Especial 6/7/8, TAGUATINGA SUL, TAGUATINGA",550000,2,1,60,1,https://www.dfimoveis.com.br/imovel/apartamento-2-quartos-venda-taguatinga-sul-taguatinga-df-qsf-1-area-especial-6-7-8-1373389
"CSB 10, TAGUATINGA SUL, TAGUATINGA",548000,3,1,70,2,https://www.dfimoveis.com.br/imovel/apartamento-3-quartos-venda-taguatinga-sul-taguatinga-df-csb-10-1160852
"QI 12, SETOR INDUSTRIAL, TAGUATINGA",545000,3,1,67,1,https://www.dfimoveis.com.br/imovel/apartamento-3-quartos-venda-setor-industrial-taguatinga-df-qi-12-1413469
"QI 12, SETOR INDUSTRIAL, TAGUATINGA",300000,2,1,45,1,https://www.dfimoveis.com.br/imovel/apartamento-2-quartos-venda-setor-industrial-taguatinga-df-qi-12-1368055
"CSB 10, TAGUATINGA SUL, TAGUATINGA",750000,3,1,94,1,https://www.dfimoveis.com.br/imovel/apartamento-3-quartos-venda-taguatinga-sul-taguatinga-df-csb-10-1367369
"SAGOCA, TAGUATINGA NORTE, TAGUATINGA",370000,3,1,63,1,https://www.dfimoveis.com.br/imovel/apartamento-3-quartos-venda-taguatinga-norte-taguatinga-df-sagoca-1321420
"QNL 8 Bloco D, TAGUATINGA NORTE, TAGUATINGA",275000,2,,63,,https://www.dfimoveis.com.br/imovel/apartamento-2-quartos-venda-taguatinga-norte-taguatinga-df-qnl-8-bloco-d-1413565
"CSG 3, TAGUATINGA SUL, TAGUATINGA",319000,1,1,37,1,https://www.dfimoveis.com.br/imovel/apartamento-1-quarto-venda-taguatinga-sul-taguatinga-df-csg-3-1401895
"CNB 12, TAGUATINGA NORTE, TAGUATINGA",385000,2,1,49,1,https://www.dfimoveis.com.br/imovel/apartamento-2-quartos-venda-taguatinga-norte-taguatinga-df-cnb-12-1397505
"SAGOCA, TAGUATINGA NORTE, TAGUATINGA",350000,2,1,50,1,https://www.dfimoveis.com.br/imovel/apartamento-2-quartos-venda-taguatinga-norte-taguatinga-df-sagoca-1419922
"EQNL 13/15, TAGUATINGA NORTE, TAGUATINGA",98000,1,,39,,https://www.dfimoveis.com.br/imovel/kitnet-1-quarto-venda-taguatinga-norte-taguatinga-df-eqnl-13-15-1345973
"QI 24 LoteS 1 A 13, SETOR INDUSTRIAL, TAGUATINGA",310000,2,,49,1,https://www.dfimoveis.com.br/imovel/apartamento-2-quartos-venda-setor-industrial-taguatinga-df-qi-24-lotes-1-a-13-962757
"Setor SAGOCA Lote 2 Residencial JK, TAGUATINGA NORTE, TAGUATINGA",390000,3,1,62,1,https://www.dfimoveis.com.br/imovel/apartamento-3-quartos-venda-taguatinga-norte-taguatinga-df-setor-sagoca-lote-2---residencial-jk-1420818
"QNL 1 Conjunto C, TAGUATINGA NORTE, TAGUATINGA",337000,3,,76,1,https://www.dfimoveis.com.br/imovel/apartamento-3-quartos-venda-taguatinga-norte-taguatinga-df-qnl-1-conjunto-c-1280467
"CSG 3, TAGUATINGA SUL, TAGUATINGA",315000,1,,36,,https://www.dfimoveis.com.br/imovel/apartamento-1-quarto-venda-taguatinga-sul-taguatinga-df-csg-3-1375600
"CNB 3, TAGUATINGA NORTE, TAGUATINGA",510000,3,2,81,1,https://www.dfimoveis.com.br/imovel/apartamento-3-quartos-venda-taguatinga-norte-taguatinga-df-cnb-3-1376710
"QNH 11, TAGUATINGA NORTE, TAGUATINGA",300000,2,,50,1,https://www.dfimoveis.com.br/imovel/apartamento-2-quartos-venda-taguatinga-norte-taguatinga-df-qnh-11-1126891
"QI 24, SETOR INDUSTRIAL, TAGUATINGA",396990,2,,50,1,https://www.dfimoveis.com.br/imovel/apartamento-2-quartos-venda-setor-industrial-taguatinga-df-qi-24-1414033
"CSB 02 Lote 06, TAGUATINGA SUL, TAGUATINGA",395000,2,,47,1,https://www.dfimoveis.com.br/imovel/apartamento-2-quartos-venda-taguatinga-sul-taguatinga-df-csb-02-lote-06-1350305
"CNB 12, TAGUATINGA NORTE, TAGUATINGA",340000,2,1,48,1,https://www.dfimoveis.com.br/imovel/apartamento-2-quartos-venda-taguatinga-norte-taguatinga-df-cnb-12-1293790
"C 02 Lote 19, TAGUATINGA CENTRO, TAGUATINGA",269990,2,,62,,https://www.dfimoveis.com.br/imovel/apartamento-2-quartos-venda-taguatinga-centro-taguatinga-df-c-02-lote-19-1357851
"QI 3, SETOR INDUSTRIAL, TAGUATINGA",450000,3,1,65,1,https://www.dfimoveis.com.br/imovel/apartamento-3-quartos-venda-setor-industrial-taguatinga-df-qi-3-1373024
"Quadra C 1, TAGUATINGA CENTRO, TAGUATINGA",390000,2,1,49,1,https://www.dfimoveis.com.br/imovel/apartamento-2-quartos-venda-taguatinga-centro-taguatinga-df-quadra-c-1-1177014
"CSB 6, TAGUATINGA SUL, TAGUATINGA",260000,2,,65,,https://www.dfimoveis.com.br/imovel/apartamento-2-quartos-venda-taguatinga-sul-taguatinga-df-csb-6-1268616
"QNL 3 Bloco B, TAGUATINGA NORTE, TAGUATINGA",315000,3,,69,1,https://www.dfimoveis.com.br/imovel/apartamento-3-quartos-venda-taguatinga-norte-taguatinga-df-qnl-3-bloco-b-1400705
"St Area Especiais Setor C Norte, TAGUATINGA NORTE, TAGUATINGA",299000,2,1,50,1,https://www.dfimoveis.com.br/imovel/apartamento-2-quartos-venda-taguatinga-norte-taguatinga-df-st-area-especiais-setor-c-norte-1411953
"CNB 6, TAGUATINGA NORTE, TAGUATINGA",465000,2,2,60,1,https://www.dfimoveis.com.br/imovel/apartamento-2-quartos-venda-taguatinga-norte-taguatinga-df-cnb-6-1241918
"CND 2, TAGUATINGA NORTE, TAGUATINGA",260000,3,,64,,https://www.dfimoveis.com.br/imovel/apartamento-3-quartos-venda-taguatinga-norte-taguatinga-df-cnd-2-1169679
"Quadra C 4, TAGUATINGA CENTRO, TAGUATINGA",220000,2,,63,,https://www.dfimoveis.com.br/imovel/apartamento-2-quartos-venda-taguatinga-centro-taguatinga-df-quadra-c-4-1250640
"CSB 10, TAGUATINGA SUL, TAGUATINGA",540000,3,1,69,1,https://www.dfimoveis.com.br/imovel/apartamento-3-quartos-venda-taguatinga-sul-taguatinga-df-csb-10-1406092
"CNB 5, TAGUATINGA NORTE, TAGUATINGA",320000,2,,66,1,https://www.dfimoveis.com.br/imovel/apartamento-2-quartos-venda-taguatinga-norte-taguatinga-df-cnb-5-1162081
"CSB 10, TAGUATINGA SUL, TAGUATINGA",680000,3,1,93,1,https://www.dfimoveis.com.br/imovel/apartamento-3-quartos-venda-taguatinga-sul-taguatinga-df-csb-10-1283887
"QI 24, SETOR INDUSTRIAL, TAGUATINGA",370000,2,1,52,1,https://www.dfimoveis.com.br/imovel/apartamento-2-quartos-venda-setor-industrial-taguatinga-df-qi-24-1410526
"C 05 Lote 06, TAGUATINGA CENTRO, TAGUATINGA",320000,3,,70,,https://www.dfimoveis.com.br/imovel/apartamento-3-quartos-venda-taguatinga-centro-taguatinga-df-c-05-lote-06-1238612
"QI 24, SETOR INDUSTRIAL, TAGUATINGA",345000,2,1,56,1,https://www.dfimoveis.com.br/imovel/apartamento-2-quartos-venda-setor-industrial-taguatinga-df-qi-24-1157134
"QNL 13 Bloco C, TAGUATINGA NORTE, TAGUATINGA",289000,3,,84,1,https://www.dfimoveis.com.br/imovel/apartamento-3-quartos-venda-taguatinga-norte-taguatinga-df-qnl-13-bloco-c-1419926
"CNB 6, TAGUATINGA NORTE, TAGUATINGA",495000,2,1,61,2,https://www.dfimoveis.com.br/imovel/apartamento-2-quartos-venda-taguatinga-norte-taguatinga-df-cnb-6-1381071
"CSB 10, TAGUATINGA SUL, TAGUATINGA",630000,4,2,89,1,https://www.dfimoveis.com.br/imovel/apartamento-4-quartos-venda-taguatinga-sul-taguatinga-df-csb-10-1404813
"EQSD 1/13, TAGUATINGA SUL, TAGUATINGA",700000,3,2,94,,https://www.dfimoveis.com.br/imovel/apartamento-3-quartos-venda-taguatinga-sul-taguatinga-df-eqsd-1-13-1306714
"CSG 3, TAGUATINGA SUL, TAGUATINGA",485000,1,1,68,2,https://www.dfimoveis.com.br/imovel/apartamento-1-quarto-venda-taguatinga-sul-taguatinga-df-csg-3-1419920
"QI 19, SETOR INDUSTRIAL, TAGUATINGA",700000,3,3,84,2,https://www.dfimoveis.com.br/imovel/apartamento-3-quartos-venda-setor-industrial-taguatinga-df-qi-19-1357358
"CNB 05 Lote 03, TAGUATINGA NORTE, TAGUATINGA",320000,3,,78,1,https://www.dfimoveis.com.br/imovel/apartamento-3-quartos-venda-taguatinga-norte-taguatinga-df-cnb-05-lote-03-1419929
"CSG 11, TAGUATINGA SUL, TAGUATINGA",470000,3,1,68,1,https://www.dfimoveis.com.br/imovel/apartamento-3-quartos-venda-taguatinga-sul-taguatinga-df-csg-11-1346815
"QI 24, SETOR INDUSTRIAL, TAGUATINGA",547000,2,,90,2,https://www.dfimoveis.com.br/imovel/apartamento-2-quartos-venda-setor-industrial-taguatinga-df-qi-24-1366481
"EQSD 1/13, TAGUATINGA SUL, TAGUATINGA",320000,1,1,32,1,https://www.dfimoveis.com.br/imovel/apartamento-1-quarto-venda-taguatinga-sul-taguatinga-df-eqsd-1-13-1416483
"QI 3, SETOR INDUSTRIAL, TAGUATINGA",399000,3,1,64,1,https://www.dfimoveis.com.br/imovel/apartamento-3-quartos-venda-setor-industrial-taguatinga-df-qi-3-1382743
"QI 24, SETOR INDUSTRIAL, TAGUATINGA",590000,2,1,103,2,https://www.dfimoveis.com.br/imovel/apartamento-2-quartos-venda-setor-industrial-taguatinga-df-qi-24-1163139
"CSB 6, TAGUATINGA SUL, TAGUATINGA",498000,3,,76,1,https://www.dfimoveis.com.br/imovel/apartamento-3-quartos-venda-taguatinga-sul-taguatinga-df-csb-6-1316218
"QNL 8, TAGUATINGA NORTE, TAGUATINGA",275000,2,1,63,1,https://www.dfimoveis.com.br/imovel/apartamento-2-quartos-venda-taguatinga-norte-taguatinga-df-qnl-8-1373172
"CNB 6, TAGUATINGA NORTE, TAGUATINGA",528000,2,2,60,2,https://www.dfimoveis.com.br/imovel/apartamento-2-quartos-venda-taguatinga-norte-taguatinga-df-cnb-6-1382060
"QNL 19, TAGUATINGA NORTE, TAGUATINGA",370000,3,,92,2,https://www.dfimoveis.com.br/imovel/apartamento-3-quartos-venda-taguatinga-norte-taguatinga-df-qnl-19-1401157
"QI 24 LoteS 14 A 27, SETOR INDUSTRIAL, TAGUATINGA",397000,2,,50,1,https://www.dfimoveis.com.br/imovel/apartamento-2-quartos-venda-setor-industrial-taguatinga-df-qi-24-lotes-14-a-27-1411205
"CSA 03 Lote 16, TAGUATINGA SUL, TAGUATINGA",344999,3,,61,1,https://www.dfimoveis.com.br/imovel/apartamento-3-quartos-venda-taguatinga-sul-taguatinga-df-csa-03-lote-16-1408848
"CNB 6, TAGUATINGA NORTE, TAGUATINGA",463500,2,2,60,1,https://www.dfimoveis.com.br/imovel/apartamento-2-quartos-venda-taguatinga-norte-taguatinga-df-cnb-6-1403349
"QI 24, SETOR INDUSTRIAL, TAGUATINGA",180000,2,,52,1,https://www.dfimoveis.com.br/imovel/apartamento-2-quartos-venda-setor-industrial-taguatinga-df-qi-24-1407635
"CSB 10, TAGUATINGA SUL, TAGUATINGA",577000,3,1,69,1,https://www.dfimoveis.com.br/imovel/apartamento-3-quartos-venda-taguatinga-sul-taguatinga-df-csb-10-1292179
"QNL 1 Bloco B, TAGUATINGA NORTE, TAGUATINGA",265000,2,,74,1,https://www.dfimoveis.com.br/imovel/apartamento-2-quartos-venda-taguatinga-norte-taguatinga-df-qnl-1-bloco-b-1412601
"CSB 8, TAGUATINGA SUL, TAGUATINGA",240000,2,,59,,https://www.dfimoveis.com.br/imovel/apartamento-2-quartos-venda-taguatinga-sul-taguatinga-df-csb-8-1403524
"QI 24, SETOR INDUSTRIAL, TAGUATINGA",400000,2,1,54,1,https://www.dfimoveis.com.br/imovel/apartamento-2-quartos-venda-setor-industrial-taguatinga-df-qi-24-1404312
"QSF 1 Área Especial 6/7/8, TAGUATINGA SUL, TAGUATINGA",470000,2,1,59,,https://www.dfimoveis.com.br/imovel/apartamento-2-quartos-venda-taguatinga-sul-taguatinga-df-qsf-1-area-especial-6-7-8-1267891
"Quadra C 11, TAGUATINGA CENTRO, TAGUATINGA",250000,1,,38,1,https://www.dfimoveis.com.br/imovel/apartamento-1-quarto-venda-taguatinga-centro-taguatinga-df-quadra-c-11-1220164
"CNB 6, TAGUATINGA NORTE, TAGUATINGA",370000,2,,72,1,https://www.dfimoveis.com.br/imovel/apartamento-2-quartos-venda-taguatinga-norte-taguatinga-df-cnb-6-1415514
"QI 24, SETOR INDUSTRIAL, TAGUATINGA",330000,2,,50,1,https://www.dfimoveis.com.br/imovel/apartamento-2-quartos-venda-setor-industrial-taguatinga-df-qi-24-1414288
"QI 24, SETOR INDUSTRIAL, TAGUATINGA",320000,2,1,52,1,https://www.dfimoveis.com.br/imovel/apartamento-2-quartos-venda-setor-industrial-taguatinga-df-qi-24-1360593
"QNJ 36, TAGUATINGA NORTE, TAGUATINGA",269999,2,,63,1,https://www.dfimoveis.com.br/imovel/apartamento-2-quartos-venda-taguatinga-norte-taguatinga-df-qnj-36-1377708
"CNB 12 Lote 07, TAGUATINGA NORTE, TAGUATINGA",210000,1,,38,,https://www.dfimoveis.com.br/imovel/apartamento-1-quarto-venda-taguatinga-norte-taguatinga-df-cnb-12-lote-07-1403223
"QNL 3 Bloco B, TAGUATINGA NORTE, TAGUATINGA",295000,3,,62,1,https://www.dfimoveis.com.br/imovel/apartamento-3-quartos-venda-taguatinga-norte-taguatinga-df-qnl-3-bloco-b-1401304
"CSB 3, TAGUATINGA SUL, TAGUATINGA",380000,3,,102,1,https://www.dfimoveis.com.br/imovel/apartamento-3-quartos-venda-taguatinga-sul-taguatinga-df-csb-3-1407883
"QI 12, SETOR INDUSTRIAL, TAGUATINGA",447000,2,1,58,1,https://www.dfimoveis.com.br/imovel/apartamento-2-quartos-venda-setor-industrial-taguatinga-df-qi-12-1047339
"QI 24, SETOR INDUSTRIAL, TAGUATINGA",355000,2,1,53,1,https://www.dfimoveis.com.br/imovel/apartamento-2-quartos-venda-setor-industrial-taguatinga-df-qi-24-1361386
"CSB 10, TAGUATINGA SUL, TAGUATINGA",520000,3,1,69,1,https://www.dfimoveis.com.br/imovel/apartamento-3-quartos-venda-taguatinga-sul-taguatinga-df-csb-10-1341529
"CNB 1, TAGUATINGA NORTE, TAGUATINGA",375000,3,,75,1,https://www.dfimoveis.com.br/imovel/apartamento-3-quartos-venda-taguatinga-norte-taguatinga-df-cnb-1-713607
"QSF 1 Área Especial 6/7/8, TAGUATINGA SUL, TAGUATINGA",480000,2,1,59,1,https://www.dfimoveis.com.br/imovel/apartamento-2-quartos-venda-taguatinga-sul-taguatinga-df-qsf-1-area-especial-6-7-8-1142097
"QI 24, SETOR INDUSTRIAL, TAGUATINGA",306000,2,1,55,1,https://www.dfimoveis.com.br/imovel/apartamento-2-quartos-venda-setor-industrial-taguatinga-df-qi-24-1406499
"CNB 12 Lote 07, TAGUATINGA NORTE, TAGUATINGA",270000,2,,51,1,https://www.dfimoveis.com.br/imovel/apartamento-2-quartos-venda-taguatinga-norte-taguatinga-df-cnb-12-lote-07-1415590
"Setor SAGOCA Lote 4 Residencial Itamaraty, TAGUATINGA NORTE, TAGUATINGA",355000,3,1,62,1,https://www.dfimoveis.com.br/imovel/apartamento-3-quartos-venda-taguatinga-norte-taguatinga-df-setor-sagoca-lote-4---residencial-itamaraty-1412975
"EQNM 34/36, TAGUATINGA NORTE, TAGUATINGA",260000,3,,100,,https://www.dfimoveis.com.br/imovel/apartamento-3-quartos-venda-taguatinga-norte-taguatinga-df-eqnm-34-36-1232815
"QNL 3 Bloco B, TAGUATINGA NORTE, TAGUATINGA",310000,3,,90,1,https://www.dfimoveis.com.br/imovel/apartamento-3-quartos-venda-taguatinga-norte-taguatinga-df-qnl-3-bloco-b-1419915
"Quadra C 6, TAGUATINGA CENTRO, TAGUATINGA",370000,1,,40,,https://www.dfimoveis.com.br/imovel/apartamento-1-quarto-venda-taguatinga-centro-taguatinga-df-quadra-c-6-1415605
"CSB 7, TAGUATINGA SUL, TAGUATINGA",720000,3,1,97,1,https://www.dfimoveis.com.br/imovel/apartamento-3-quartos-venda-taguatinga-sul-taguatinga-df-csb-7-1287714
"CNB 8, TAGUATINGA NORTE, TAGUATINGA",345000,3,,59,1,https://www.dfimoveis.com.br/imovel/apartamento-3-quartos-venda-taguatinga-norte-taguatinga-df-cnb-8-1347961
"C 07 Lote 08, TAGUATINGA CENTRO, TAGUATINGA",250000,2,,59,,https://www.dfimoveis.com.br/imovel/apartamento-2-quartos-venda-taguatinga-centro-taguatinga-df-c-07-lote-08-1228737
"QI 24 LoteS 14 A 27, SETOR INDUSTRIAL, TAGUATINGA",330000,2,,53,1,https://www.dfimoveis.com.br/imovel/apartamento-2-quartos-venda-setor-industrial-taguatinga-df-qi-24-lotes-14-a-27-1411578
"QNC 1 Área Especial 19, TAGUATINGA NORTE, TAGUATINGA",429000,2,1,59,1,https://www.dfimoveis.com.br/imovel/apartamento-2-quartos-venda-taguatinga-norte-taguatinga-df-qnc-1-area-especial-19-1327899
"QI 24, SETOR INDUSTRIAL, TAGUATINGA",160000,2,1,54,1,https://www.dfimoveis.com.br/imovel/apartamento-2-quartos-venda-setor-industrial-taguatinga-df-qi-24-1414177
"CSB 5, TAGUATINGA SUL, TAGUATINGA",398000,2,,70,1,https://www.dfimoveis.com.br/imovel/apartamento-2-quartos-venda-taguatinga-sul-taguatinga-df-csb-5-1275977
"CSA 1, TAGUATINGA SUL, TAGUATINGA",350000,1,,40,,https://www.dfimoveis.com.br/imovel/apartamento-1-quarto-venda-taguatinga-sul-taguatinga-df-csa-1-1403739
"QNC 1, TAGUATINGA NORTE, TAGUATINGA",599000,3,1,85,1,https://www.dfimoveis.com.br/imovel/apartamento-3-quartos-venda-taguatinga-norte-taguatinga-df-qnc-1-1375238
"Setor SAGOCA Lote 2 Residencial Esplanada, TAGUATINGA NORTE, TAGUATINGA",310000,2,1,51,1,https://www.dfimoveis.com.br/imovel/apartamento-2-quartos-venda-taguatinga-norte-taguatinga-df-setor-sagoca-lote-2---residencial-esplanada-1347989
"QSF 1 Área Especial 6/7/8, TAGUATINGA SUL, TAGUATINGA",599000,2,1,82,1,https://www.dfimoveis.com.br/imovel/apartamento-2-quartos-venda-taguatinga-sul-taguatinga-df-qsf-1-area-especial-6-7-8-1365559
"QNL 13 Conjunto E, TAGUATINGA NORTE, TAGUATINGA",325000,3,1,70,2,https://www.dfimoveis.com.br/imovel/apartamento-3-quartos-venda-taguatinga-norte-taguatinga-df-qnl-13-conjunto-e-1411272
"CNB 5, TAGUATINGA NORTE, TAGUATINGA",335000,3,1,71,1,https://www.dfimoveis.com.br/imovel/apartamento-3-quartos-venda-taguatinga-norte-taguatinga-df-cnb-5-485924
"SAGOCA, TAGUATINGA NORTE, TAGUATINGA",435000,3,1,62,1,https://www.dfimoveis.com.br/imovel/apartamento-3-quartos-venda-taguatinga-norte-taguatinga-df-sagoca-1416226
"CNB 3, TAGUATINGA NORTE, TAGUATINGA",530000,2,1,63,1,https://www.dfimoveis.com.br/imovel/apartamento-2-quartos-venda-taguatinga-norte-taguatinga-df-cnb-3-1238829
"CSA 03 Lote 19, TAGUATINGA SUL, TAGUATINGA",250000,2,,75,,https://www.dfimoveis.com.br/imovel/apartamento-2-quartos-venda-taguatinga-sul-taguatinga-df-csa-03-lote-19-1099078
"QNL 3 Bloco B, TAGUATINGA NORTE, TAGUATINGA",320000,3,,62,1,https://www.dfimoveis.com.br/imovel/apartamento-3-quartos-venda-taguatinga-norte-taguatinga-df-qnl-3-bloco-b-1399963
"QNL 19 Bloco D, TAGUATINGA NORTE, TAGUATINGA",240000,2,,60,1,https://www.dfimoveis.com.br/imovel/apartamento-2-quartos-venda-taguatinga-norte-taguatinga-df-qnl-19-bloco-d-1407892
"QI 12, SETOR INDUSTRIAL, TAGUATINGA",539000,3,1,65,1,https://www.dfimoveis.com.br/imovel/apartamento-3-quartos-venda-setor-industrial-taguatinga-df-qi-12-1350052
"QI 11, SETOR INDUSTRIAL, TAGUATINGA",389900,2,1,56,1,https://www.dfimoveis.com.br/imovel/apartamento-2-quartos-venda-setor-industrial-taguatinga-df-qi-11-1319825
"QNL 4 Bloco D, TAGUATINGA NORTE, TAGUATINGA",270000,2,,63,,https://www.dfimoveis.com.br/imovel/apartamento-2-quartos-venda-taguatinga-norte-taguatinga-df-qnl-4-bloco-d-1369476
"QNL 7 Bloco D, TAGUATINGA NORTE, TAGUATINGA",329000,2,,74,2,https://www.dfimoveis.com.br/imovel/apartamento-2-quartos-venda-taguatinga-norte-taguatinga-df-qnl-7-bloco-d-1195549
"CSB 2, TAGUATINGA SUL, TAGUATINGA",269000,2,,72,,https://www.dfimoveis.com.br/imovel/apartamento-2-quartos-venda-taguatinga-sul-taguatinga-df-csb-2-1352632
"CSB 7, TAGUATINGA SUL, TAGUATINGA",679000,3,1,97,1,https://www.dfimoveis.com.br/imovel/apartamento-3-quartos-venda-taguatinga-sul-taguatinga-df-csb-7-1128190
"CSB 10, TAGUATINGA SUL, TAGUATINGA",485000,2,1,60,1,https://www.dfimoveis.com.br/imovel/apartamento-2-quartos-venda-taguatinga-sul-taguatinga-df-csb-10-1372449
"Setor SAGOCA Lote 4 Residencial Itamaraty, TAGUATINGA NORTE, TAGUATINGA",395000,3,1,62,1,https://www.dfimoveis.com.br/imovel/apartamento-3-quartos-venda-taguatinga-norte-taguatinga-df-setor-sagoca-lote-4---residencial-itamaraty-1351634
"CNB 13, TAGUATINGA NORTE, TAGUATINGA",219990,2,,50,1,https://www.dfimoveis.com.br/imovel/apartamento-2-quartos-venda-taguatinga-norte-taguatinga-df-cnb-13-1407117
"QSE 4, TAGUATINGA SUL, TAGUATINGA",225000,1,,38,,https://www.dfimoveis.com.br/imovel/kitnet-1-quarto-venda-taguatinga-sul-taguatinga-df-qse-4-1385163
"CNB 4, TAGUATINGA NORTE, TAGUATINGA",320000,3,1,63,1,https://www.dfimoveis.com.br/imovel/apartamento-3-quartos-venda-taguatinga-norte-taguatinga-df-cnb-4-1273885
"QI 24, SETOR INDUSTRIAL, TAGUATINGA",550000,3,1,65,1,https://www.dfimoveis.com.br/imovel/apartamento-3-quartos-venda-setor-industrial-taguatinga-df-qi-24-74480
"CSA 3, TAGUATINGA SUL, TAGUATINGA",310000,2,,55,1,https://www.dfimoveis.com.br/imovel/apartamento-2-quartos-venda-taguatinga-sul-taguatinga-df-csa-3-1296701
"CNB 05 Lote 12, TAGUATINGA NORTE, TAGUATINGA",310000,2,,64,,https://www.dfimoveis.com.br/imovel/apartamento-2-quartos-venda-taguatinga-norte-taguatinga-df-cnb-05-lote-12-1383056
"SMT Conjunto 1, TAGUATINGA SUL, TAGUATINGA",199000,2,,70,,https://www.dfimoveis.com.br/imovel/apartamento-2-quartos-venda-taguatinga-sul-taguatinga-df-smt-conjunto-1-1357560
"CSG 3, TAGUATINGA SUL, TAGUATINGA",365000,1,1,50,1,https://www.dfimoveis.com.br/imovel/apartamento-1-quarto-venda-taguatinga-sul-taguatinga-df-csg-3-1307536
"CNB 5, TAGUATINGA NORTE, TAGUATINGA",320000,2,,62,1,https://www.dfimoveis.com.br/imovel/apartamento-2-quartos-venda-taguatinga-norte-taguatinga-df-cnb-5-1384296
"QNL 6, TAGUATINGA NORTE, TAGUATINGA",250000,2,,62,1,https://www.dfimoveis.com.br/imovel/apartamento-2-quartos-venda-taguatinga-norte-taguatinga-df-qnl-6-1366159
"QI 12, SETOR INDUSTRIAL, TAGUATINGA",529000,3,1,65,2,https://www.dfimoveis.com.br/imovel/apartamento-3-quartos-venda-setor-industrial-taguatinga-df-qi-12-1047338
"QNL 2, TAGUATINGA NORTE, TAGUATINGA",329900,3,,74,1,https://www.dfimoveis.com.br/imovel/apartamento-3-quartos-venda-taguatinga-norte-taguatinga-df-qnl-2-1406141
"QI 24, SETOR INDUSTRIAL, TAGUATINGA",490000,3,1,68,1,https://www.dfimoveis.com.br/imovel/apartamento-3-quartos-venda-setor-industrial-taguatinga-df-qi-24-1357934
"QI 3, SETOR INDUSTRIAL, TAGUATINGA",459000,3,1,64,1,https://www.dfimoveis.com.br/imovel/apartamento-3-quartos-venda-setor-industrial-taguatinga-df-qi-3-1404075
"CSG 3, TAGUATINGA SUL, TAGUATINGA",420000,1,1,46,1,https://www.dfimoveis.com.br/imovel/apartamento-1-quarto-venda-taguatinga-sul-taguatinga-df-csg-3-1418817
"CSG 3, TAGUATINGA SUL, TAGUATINGA",399000,1,1,51,1,https://www.dfimoveis.com.br/imovel/apartamento-1-quarto-venda-taguatinga-sul-taguatinga-df-csg-3-1401889
"QNL 7 Bloco B, TAGUATINGA NORTE, TAGUATINGA",285000,3,,56,1,https://www.dfimoveis.com.br/imovel/apartamento-3-quartos-venda-taguatinga-norte-taguatinga-df-qnl-7-bloco-b-1351478
"CNB 5, TAGUATINGA NORTE, TAGUATINGA",370000,3,,72,1,https://www.dfimoveis.com.br/imovel/apartamento-3-quartos-venda-taguatinga-norte-taguatinga-df-cnb-5-1316217
"CSA 03 Lote 06, TAGUATINGA SUL, TAGUATINGA",300000,2,,53,,https://www.dfimoveis.com.br/imovel/apartamento-2-quartos-venda-taguatinga-sul-taguatinga-df-csa-03-lote-06-1345367
"Quadra C 3, TAGUATINGA CENTRO, TAGUATINGA",414000,2,1,56,1,https://www.dfimoveis.com.br/imovel/apartamento-2-quartos-venda-taguatinga-centro-taguatinga-df-quadra-c-3-1409575
"QI 12, SETOR INDUSTRIAL, TAGUATINGA",395000,3,1,67,1,https://www.dfimoveis.com.br/imovel/apartamento-3-quartos-venda-setor-industrial-taguatinga-df-qi-12-1409136
"QNL 9, TAGUATINGA NORTE, TAGUATINGA",270000,2,,60,1,https://www.dfimoveis.com.br/imovel/apartamento-2-quartos-venda-taguatinga-norte-taguatinga-df-qnl-9-1328400
"QNC 1 Área Especial 19, TAGUATINGA NORTE, TAGUATINGA",525000,3,1,73,1,https://www.dfimoveis.com.br/imovel/apartamento-3-quartos-venda-taguatinga-norte-taguatinga-df-qnc-1-area-especial-19-1403031
"SAGOCA, TAGUATINGA NORTE, TAGUATINGA",420000,3,1,62,1,https://www.dfimoveis.com.br/imovel/apartamento-3-quartos-venda-taguatinga-norte-taguatinga-df-sagoca-1407078
"CNB 14, TAGUATINGA NORTE, TAGUATINGA",495000,3,1,70,1,https://www.dfimoveis.com.br/imovel/apartamento-3-quartos-venda-taguatinga-norte-taguatinga-df-cnb-14-1411916
"CNB 13, TAGUATINGA NORTE, TAGUATINGA",300000,2,,60,1,https://www.dfimoveis.com.br/imovel/apartamento-2-quartos-venda-taguatinga-norte-taguatinga-df-cnb-13-1366073
"CSG 3, TAGUATINGA SUL, TAGUATINGA",385000,1,,48,1,https://www.dfimoveis.com.br/imovel/apartamento-1-quarto-venda-taguatinga-sul-taguatinga-df-csg-3-1377613
"Setor SAGOCA Lote 4 Residencial Itamaraty, TAGUATINGA NORTE, TAGUATINGA",335000,2,1,89,1,https://www.dfimoveis.com.br/imovel/apartamento-2-quartos-venda-taguatinga-norte-taguatinga-df-setor-sagoca-lote-4---residencial-itamaraty-1371630
"QI 24, SETOR INDUSTRIAL, TAGUATINGA",365000,2,1,52,1,https://www.dfimoveis.com.br/imovel/apartamento-2-quartos-venda-setor-industrial-taguatinga-df-qi-24-1374148
"CSB 5, TAGUATINGA SUL, TAGUATINGA",398000,2,,62,1,https://www.dfimoveis.com.br/imovel/apartamento-2-quartos-venda-taguatinga-sul-taguatinga-df-csb-5-1286731
"QI 3, SETOR INDUSTRIAL, TAGUATINGA",450000,3,1,67,1,https://www.dfimoveis.com.br/imovel/apartamento-3-quartos-venda-setor-industrial-taguatinga-df-qi-3-1419587
"Quadra C 7, TAGUATINGA CENTRO, TAGUATINGA",260000,2,1,70,,https://www.dfimoveis.com.br/imovel/apartamento-2-quartos-venda-taguatinga-centro-taguatinga-df-quadra-c-7-1405468
"CSB 10, TAGUATINGA SUL, TAGUATINGA",490000,2,1,68,1,https://www.dfimoveis.com.br/imovel/apartamento-2-quartos-venda-taguatinga-sul-taguatinga-df-csb-10-1374854
"Quadra C 4, TAGUATINGA CENTRO, TAGUATINGA",190000,2,,47,,https://www.dfimoveis.com.br/imovel/apartamento-2-quartos-venda-taguatinga-centro-taguatinga-df-quadra-c-4-1326835
"QI 24 LoteS 14 A 27, SETOR INDUSTRIAL, TAGUATINGA",314999,2,,52,1,https://www.dfimoveis.com.br/imovel/apartamento-2-quartos-venda-setor-industrial-taguatinga-df-qi-24-lotes-14-a-27-1419885
"CSG 3, TAGUATINGA SUL, TAGUATINGA",320000,1,,57,1,https://www.dfimoveis.com.br/imovel/apartamento-1-quarto-venda-taguatinga-sul-taguatinga-df-csg-3-1337284
"QNL 8 Bloco D, TAGUATINGA NORTE, TAGUATINGA",270000,2,,63,1,https://www.dfimoveis.com.br/imovel/apartamento-2-quartos-venda-taguatinga-norte-taguatinga-df-qnl-8-bloco-d-1360803
"CNB 10, TAGUATINGA NORTE, TAGUATINGA",588999,3,1,83,1,https://www.dfimoveis.com.br/imovel/apartamento-3-quartos-venda-taguatinga-norte-taguatinga-df-cnb-10-1370634
"CNB 6, TAGUATINGA NORTE, TAGUATINGA",495828,2,1,59,1,https://www.dfimoveis.com.br/imovel/apartamento-2-quartos-venda-taguatinga-norte-taguatinga-df-cnb-6-1373664
"CSG 13, TAGUATINGA SUL, TAGUATINGA",199000,1,1,35,1,https://www.dfimoveis.com.br/imovel/apartamento-1-quarto-venda-taguatinga-sul-taguatinga-df-csg-13-996420
"Quadra C 12, TAGUATINGA CENTRO, TAGUATINGA",250000,2,,65,,https://www.dfimoveis.com.br/imovel/apartamento-2-quartos-venda-taguatinga-centro-taguatinga-df-quadra-c-12-1401638
"CNB 10, TAGUATINGA NORTE, TAGUATINGA",290000,2,,53,1,https://www.dfimoveis.com.br/imovel/apartamento-2-quartos-venda-taguatinga-norte-taguatinga-df-cnb-10-1365264
"CNB 5, TAGUATINGA NORTE, TAGUATINGA",370000,2,,62,1,https://www.dfimoveis.com.br/imovel/apartamento-2-quartos-venda-taguatinga-norte-taguatinga-df-cnb-5-1343261
"QI 3, SETOR INDUSTRIAL, TAGUATINGA",260000,2,1,57,1,https://www.dfimoveis.com.br/imovel/apartamento-2-quartos-venda-setor-industrial-taguatinga-df-qi-3-1317671
"Quadra C 2, TAGUATINGA CENTRO, TAGUATINGA",290000,2,,62,,https://www.dfimoveis.com.br/imovel/apartamento-2-quartos-venda-taguatinga-centro-taguatinga-df-quadra-c-2-1368780
"Quadra C 7, TAGUATINGA CENTRO, TAGUATINGA",324000,3,1,70,1,https://www.dfimoveis.com.br/imovel/apartamento-3-quartos-venda-taguatinga-centro-taguatinga-df-quadra-c-7-1318417
"CNB 14 Lote 03, TAGUATINGA NORTE, TAGUATINGA",280000,3,,57,1,https://www.dfimoveis.com.br/imovel/apartamento-3-quartos-venda-taguatinga-norte-taguatinga-df-cnb-14-lote-03-1401613
"QNB 5, TAGUATINGA NORTE, TAGUATINGA",435000,3,1,93,1,https://www.dfimoveis.com.br/imovel/apartamento-3-quartos-venda-taguatinga-norte-taguatinga-df-qnb-5-1413186
"CSB 3, TAGUATINGA SUL, TAGUATINGA",490000,2,1,58,1,https://www.dfimoveis.com.br/imovel/apartamento-2-quartos-venda-taguatinga-sul-taguatinga-df-csb-3-1354255
"QI 3, SETOR INDUSTRIAL, TAGUATINGA",349000,2,1,59,1,https://www.dfimoveis.com.br/imovel/apartamento-2-quartos-venda-setor-industrial-taguatinga-df-qi-3-1410300
"CNB 13 Lote 05, TAGUATINGA NORTE, TAGUATINGA",290000,2,,60,1,https://www.dfimoveis.com.br/imovel/apartamento-2-quartos-venda-taguatinga-norte-taguatinga-df-cnb-13-lote-05-1417264
"QI 3, SETOR INDUSTRIAL, TAGUATINGA",310000,2,1,58,,https://www.dfimoveis.com.br/imovel/apartamento-2-quartos-venda-setor-industrial-taguatinga-df-qi-3-1317170
"QI 24, SETOR INDUSTRIAL, TAGUATINGA",314900,2,,55,1,https://www.dfimoveis.com.br/imovel/apartamento-2-quartos-venda-setor-industrial-taguatinga-df-qi-24-1346216
"CSG 3, TAGUATINGA SUL, TAGUATINGA",799000,1,1,97,1,https://www.dfimoveis.com.br/imovel/apartamento-1-quarto-venda-taguatinga-sul-taguatinga-df-csg-3-1171359
"QNH 11, TAGUATINGA NORTE, TAGUATINGA",320000,2,,50,1,https://www.dfimoveis.com.br/imovel/apartamento-2-quartos-venda-taguatinga-norte-taguatinga-df-qnh-11-1414019
"QNJ 58 Bloco A, TAGUATINGA NORTE, TAGUATINGA",296000,3,,57,1,https://www.dfimoveis.com.br/imovel/apartamento-3-quartos-venda-taguatinga-norte-taguatinga-df-qnj-58-bloco-a-1418848
"SAGOCA, TAGUATINGA NORTE, TAGUATINGA",305000,2,,48,1,https://www.dfimoveis.com.br/imovel/apartamento-2-quartos-venda-taguatinga-norte-taguatinga-df-sagoca-1405021
"CSG 3, TAGUATINGA SUL, TAGUATINGA",631000,2,,68,1,https://www.dfimoveis.com.br/imovel/apartamento-2-quartos-venda-taguatinga-sul-taguatinga-df-csg-3-1282520
"EQNL 13/15 Área Especial S/N, TAGUATINGA NORTE, TAGUATINGA",295000,3,1,70,1,https://www.dfimoveis.com.br/imovel/apartamento-3-quartos-venda-taguatinga-norte-taguatinga-df-eqnl-13-15-area-especial-s-n-1417932
"CSB 3, TAGUATINGA SUL, TAGUATINGA",470000,3,1,70,1,https://www.dfimoveis.com.br/imovel/apartamento-3-quartos-venda-taguatinga-sul-taguatinga-df-csb-3-1420450
"CSB 7, TAGUATINGA SUL, TAGUATINGA",249900,2,,56,,https://www.dfimoveis.com.br/imovel/apartamento-2-quartos-venda-taguatinga-sul-taguatinga-df-csb-7-1126665
"Quadra C 4, TAGUATINGA CENTRO, TAGUATINGA",180000,2,,47,,https://www.dfimoveis.com.br/imovel/apartamento-2-quartos-venda-taguatinga-centro-taguatinga-df-quadra-c-4-1410092
"C 02 Lote 19, TAGUATINGA CENTRO, TAGUATINGA",265000,2,,62,1,https://www.dfimoveis.com.br/imovel/apartamento-2-quartos-venda-taguatinga-centro-taguatinga-df-c-02-lote-19-1421102
"EQNM 38/40 Área Especial S/N, TAGUATINGA NORTE, TAGUATINGA",167000,2,,50,,https://www.dfimoveis.com.br/imovel/apartamento-2-quartos-venda-taguatinga-norte-taguatinga-df-eqnm-38-40-area-especial-s-n-962811
"CSA 3, TAGUATINGA SUL, TAGUATINGA",579000,3,1,87,1,https://www.dfimoveis.com.br/imovel/apartamento-3-quartos-venda-taguatinga-sul-taguatinga-df-csa-3-464788
"QI 3, SETOR INDUSTRIAL, TAGUATINGA",455000,3,1,64,1,https://www.dfimoveis.com.br/imovel/apartamento-3-quartos-venda-setor-industrial-taguatinga-df-qi-3-1403552
"QNA 52, TAGUATINGA NORTE, TAGUATINGA",330000,2,,64,,https://www.dfimoveis.com.br/imovel/apartamento-2-quartos-venda-taguatinga-norte-taguatinga-df-qna-52-1400278
"QI 23, SETOR INDUSTRIAL, TAGUATINGA",385000,2,1,55,1,https://www.dfimoveis.com.br/imovel/apartamento-2-quartos-venda-setor-industrial-taguatinga-df-qi-23-1127682
"CNB 2, TAGUATINGA NORTE, TAGUATINGA",300000,2,,79,,https://www.dfimoveis.com.br/imovel/apartamento-2-quartos-venda-taguatinga-norte-taguatinga-df-cnb-2-1253322
"CSG 3, TAGUATINGA SUL, TAGUATINGA",750000,1,1,97,1,https://www.dfimoveis.com.br/imovel/apartamento-1-quarto-venda-taguatinga-sul-taguatinga-df-csg-3-997900
"CNB 6, TAGUATINGA NORTE, TAGUATINGA",495000,2,2,60,1,https://www.dfimoveis.com.br/imovel/apartamento-2-quartos-venda-taguatinga-norte-taguatinga-df-cnb-6-1406081
"CSG 3, TAGUATINGA SUL, TAGUATINGA",420000,1,1,68,1,https://www.dfimoveis.com.br/imovel/apartamento-1-quarto-venda-taguatinga-sul-taguatinga-df-csg-3-1417561
"CNB 6, TAGUATINGA NORTE, TAGUATINGA",500000,2,2,65,2,https://www.dfimoveis.com.br/imovel/apartamento-2-quartos-venda-taguatinga-norte-taguatinga-df-cnb-6-1366317
"QI 12, SETOR INDUSTRIAL, TAGUATINGA",400000,2,,58,1,https://www.dfimoveis.com.br/imovel/apartamento-2-quartos-venda-setor-industrial-taguatinga-df-qi-12-1307544
"CNB 14, TAGUATINGA NORTE, TAGUATINGA",290000,2,,58,1,https://www.dfimoveis.com.br/imovel/apartamento-2-quartos-venda-taguatinga-norte-taguatinga-df-cnb-14-279069
"QNE 1, TAGUATINGA NORTE, TAGUATINGA",220000,2,1,70,,https://www.dfimoveis.com.br/imovel/apartamento-2-quartos-venda-taguatinga-norte-taguatinga-df-qne-1-1128178
"QNL 13 Conjunto B, TAGUATINGA NORTE, TAGUATINGA",290000,3,,87,2,https://www.dfimoveis.com.br/imovel/apartamento-3-quartos-venda-taguatinga-norte-taguatinga-df-qnl-13-conjunto-b-1405073
"QNL 21 Bloco B, TAGUATINGA NORTE, TAGUATINGA",315000,2,1,72,1,https://www.dfimoveis.com.br/imovel/apartamento-2-quartos-venda-taguatinga-norte-taguatinga-df-qnl-21-bloco-b-1411192
"Rua 8 Chacará 327, VILA SAO JOSE, TAGUATINGA",195000,2,,60,,https://www.dfimoveis.com.br/imovel/apartamento-2-quartos-venda-vila-sao-jose-taguatinga-df-rua-8-chacara-327-1326728
"QNB 5, TAGUATINGA NORTE, TAGUATINGA",230000,2,1,50,1,https://www.dfimoveis.com.br/imovel/apartamento-2-quartos-venda-taguatinga-norte-taguatinga-df-qnb-5-1382048
"C 11 Lote 03/05, TAGUATINGA CENTRO, TAGUATINGA",330000,2,1,83,1,https://www.dfimoveis.com.br/imovel/apartamento-2-quartos-venda-taguatinga-centro-taguatinga-df-c-11-lote-03-05-1419928
"CSG 13, TAGUATINGA SUL, TAGUATINGA",240000,1,,34,1,https://www.dfimoveis.com.br/imovel/apartamento-1-quarto-venda-taguatinga-sul-taguatinga-df-csg-13-1350433
"CSG 3, TAGUATINGA SUL, TAGUATINGA",380000,1,,48,1,https://www.dfimoveis.com.br/imovel/apartamento-1-quarto-venda-taguatinga-sul-taguatinga-df-csg-3-887614
"QI 5, SETOR INDUSTRIAL, TAGUATINGA",355000,3,1,69,1,https://www.dfimoveis.com.br/imovel/apartamento-3-quartos-venda-setor-industrial-taguatinga-df-qi-5-1277535
"QNL 1, TAGUATINGA NORTE, TAGUATINGA",255000,2,,93,2,https://www.dfimoveis.com.br/imovel/apartamento-2-quartos-venda-taguatinga-norte-taguatinga-df-qnl-1-1353692
"QI 3, SETOR INDUSTRIAL, TAGUATINGA",360000,2,1,54,1,https://www.dfimoveis.com.br/imovel/apartamento-2-quartos-venda-setor-industrial-taguatinga-df-qi-3-1420444
"SAGOCA, TAGUATINGA NORTE, TAGUATINGA",295000,2,,48,1,https://www.dfimoveis.com.br/imovel/apartamento-2-quartos-venda-taguatinga-norte-taguatinga-df-sagoca-1414954
"CSE 4, TAGUATINGA SUL, TAGUATINGA",140000,2,,50,1,https://www.dfimoveis.com.br/imovel/apartamento-2-quartos-venda-taguatinga-sul-taguatinga-df-cse-4-1311056
"CSB 10, TAGUATINGA SUL, TAGUATINGA",468000,2,1,57,1,https://www.dfimoveis.com.br/imovel/apartamento-2-quartos-venda-taguatinga-sul-taguatinga-df-csb-10-1414105
"CSB 10, TAGUATINGA SUL, TAGUATINGA",660000,3,2,89,2,https://www.dfimoveis.com.br/imovel/apartamento-3-quartos-venda-taguatinga-sul-taguatinga-df-csb-10-1419343
"CSG 3, TAGUATINGA SUL, TAGUATINGA",305000,1,1,40,1,https://www.dfimoveis.com.br/imovel/apartamento-1-quarto-venda-taguatinga-sul-taguatinga-df-csg-3-726526
"QNH Área Especial 3, TAGUATINGA NORTE, TAGUATINGA",315000,2,,50,1,https://www.dfimoveis.com.br/imovel/apartamento-2-quartos-venda-taguatinga-norte-taguatinga-df-qnh-area-especial-3-1418103
"QNL 6 Bloco B, TAGUATINGA NORTE, TAGUATINGA",249900,2,,75,2,https://www.dfimoveis.com.br/imovel/apartamento-2-quartos-venda-taguatinga-norte-taguatinga-df-qnl-6-bloco-b-1234418
"QNC 2, TAGUATINGA NORTE, TAGUATINGA",259000,1,,34,,https://www.dfimoveis.com.br/imovel/apartamento-1-quarto-venda-taguatinga-norte-taguatinga-df-qnc-2-1412013
"Quadra C 3, TAGUATINGA CENTRO, TAGUATINGA",340000,2,1,62,1,https://www.dfimoveis.com.br/imovel/apartamento-2-quartos-venda-taguatinga-centro-taguatinga-df-quadra-c-3-1419542
"QI 3, SETOR INDUSTRIAL, TAGUATINGA",450000,3,1,69,1,https://www.dfimoveis.com.br/imovel/apartamento-3-quartos-venda-setor-industrial-taguatinga-df-qi-3-1352580
"QSD 14, TAGUATINGA SUL, TAGUATINGA",135000,2,,50,,https://www.dfimoveis.com.br/imovel/apartamento-2-quartos-venda-taguatinga-sul-taguatinga-df-qsd-14-1419880
"SAGOCA, TAGUATINGA NORTE, TAGUATINGA",284999,2,,48,1,https://www.dfimoveis.com.br/imovel/apartamento-2-quartos-venda-taguatinga-norte-taguatinga-df-sagoca-1384277
"QNC 1, TAGUATINGA NORTE, TAGUATINGA",529900,3,1,96,1,https://www.dfimoveis.com.br/imovel/apartamento-3-quartos-venda-taguatinga-norte-taguatinga-df-qnc-1-1339018
"CNB 12, TAGUATINGA NORTE, TAGUATINGA",258000,2,1,57,,https://www.dfimoveis.com.br/imovel/apartamento-2-quartos-venda-taguatinga-norte-taguatinga-df-cnb-12-1226718
"EQNL 1/3 Bloco C, TAGUATINGA NORTE, TAGUATINGA",110000,1,,33,,https://www.dfimoveis.com.br/imovel/apartamento-1-quarto-venda-taguatinga-norte-taguatinga-df-eqnl-1-3-bloco-c-1306392
"Quadra C 11, TAGUATINGA CENTRO, TAGUATINGA",250000,2,1,58,,https://www.dfimoveis.com.br/imovel/apartamento-2-quartos-venda-taguatinga-centro-taguatinga-df-quadra-c-11-393634
"CSB 07 Lote 04, TAGUATINGA SUL, TAGUATINGA",335000,3,,66,,https://www.dfimoveis.com.br/imovel/apartamento-3-quartos-venda-taguatinga-sul-taguatinga-df-csb-07-lote-04-1401293
"QNC 1, TAGUATINGA NORTE, TAGUATINGA",259000,1,,34,,https://www.dfimoveis.com.br/imovel/apartamento-1-quarto-venda-taguatinga-norte-taguatinga-df-qnc-1-1412015
"QNC 3, TAGUATINGA NORTE, TAGUATINGA",259000,1,,34,,https://www.dfimoveis.com.br/imovel/apartamento-1-quarto-venda-taguatinga-norte-taguatinga-df-qnc-3-1412011
"QI 24, SETOR INDUSTRIAL, TAGUATINGA",375000,2,,49,1,https://www.dfimoveis.com.br/imovel/apartamento-2-quartos-venda-setor-industrial-taguatinga-df-qi-24-1308401
"CSG 3, TAGUATINGA SUL, TAGUATINGA",549000,2,2,69,1,https://www.dfimoveis.com.br/imovel/apartamento-2-quartos-venda-taguatinga-sul-taguatinga-df-csg-3-1254995
"CSG 3, TAGUATINGA SUL, TAGUATINGA",330000,1,1,37,1,https://www.dfimoveis.com.br/imovel/apartamento-1-quarto-venda-taguatinga-sul-taguatinga-df-csg-3-1069577
"QSE 7, TAGUATINGA SUL, TAGUATINGA",140000,1,1,25,,https://www.dfimoveis.com.br/imovel/apartamento-1-quarto-venda-taguatinga-sul-taguatinga-df-qse-7-1410321
"CSG 3, TAGUATINGA SUL, TAGUATINGA",525000,2,1,92,2,https://www.dfimoveis.com.br/imovel/apartamento-2-quartos-venda-taguatinga-sul-taguatinga-df-csg-3-1036834
"QNL 2, TAGUATINGA NORTE, TAGUATINGA",325000,3,,78,,https://www.dfimoveis.com.br/imovel/apartamento-3-quartos-venda-taguatinga-norte-taguatinga-df-qnl-2-1420960
"CSG 3, TAGUATINGA SUL, TAGUATINGA",680000,3,1,93,2,https://www.dfimoveis.com.br/imovel/apartamento-3-quartos-venda-taguatinga-sul-taguatinga-df-csg-3-1317763
"QNL 7 Bloco B, TAGUATINGA NORTE, TAGUATINGA",285000,3,,78,2,https://www.dfimoveis.com.br/imovel/apartamento-3-quartos-venda-taguatinga-norte-taguatinga-df-qnl-7-bloco-b-1372880
"QI 12, SETOR INDUSTRIAL, TAGUATINGA",547000,3,1,65,1,https://www.dfimoveis.com.br/imovel/apartamento-3-quartos-venda-setor-industrial-taguatinga-df-qi-12-1412685
"QNC 3, TAGUATINGA NORTE, TAGUATINGA",170000,1,,30,,https://www.dfimoveis.com.br/imovel/apartamento-1-quarto-venda-taguatinga-norte-taguatinga-df-qnc-3-1300167
"CSB 7, TAGUATINGA SUL, TAGUATINGA",670000,3,1,97,1,https://www.dfimoveis.com.br/imovel/apartamento-3-quartos-venda-taguatinga-sul-taguatinga-df-csb-7-1325884
"QNJ 58 Bloco A, TAGUATINGA NORTE, TAGUATINGA",295000,2,,57,1,https://www.dfimoveis.com.br/imovel/apartamento-2-quartos-venda-taguatinga-norte-taguatinga-df-qnj-58-bloco-a-1418849
"QNL 5 Bloco D, TAGUATINGA NORTE, TAGUATINGA",285000,2,,53,1,https://www.dfimoveis.com.br/imovel/apartamento-2-quartos-venda-taguatinga-norte-taguatinga-df-qnl-5-bloco-d-1161863
"CNB 04 Lote 05, TAGUATINGA NORTE, TAGUATINGA",330000,3,,63,1,https://www.dfimoveis.com.br/imovel/apartamento-3-quartos-venda-taguatinga-norte-taguatinga-df-cnb-04-lote-05-1382683
"QI 3, SETOR INDUSTRIAL, TAGUATINGA",349990,2,2,57,1,https://www.dfimoveis.com.br/imovel/apartamento-2-quartos-venda-setor-industrial-taguatinga-df-qi-3-1321935
"QI 24, SETOR INDUSTRIAL, TAGUATINGA",309990,2,,45,1,https://www.dfimoveis.com.br/imovel/apartamento-2-quartos-venda-setor-industrial-taguatinga-df-qi-24-1333308
"QNH 11, TAGUATINGA NORTE, TAGUATINGA",330000,2,,49,1,https://www.dfimoveis.com.br/imovel/apartamento-2-quartos-venda-taguatinga-norte-taguatinga-df-qnh-11-1420934
"QI 24 LoteS 1 A 13, SETOR INDUSTRIAL, TAGUATINGA",290000,2,,49,1,https://www.dfimoveis.com.br/imovel/apartamento-2-quartos-venda-setor-industrial-taguatinga-df-qi-24-lotes-1-a-13-1416658
"QNH 4, TAGUATINGA NORTE, TAGUATINGA",149900,2,,50,,https://www.dfimoveis.com.br/imovel/apartamento-2-quartos-venda-taguatinga-norte-taguatinga-df-qnh-4-183561
"Rua 8 Chacará 266, VILA SAO JOSE, TAGUATINGA",230000,2,,54,,https://www.dfimoveis.com.br/imovel/apartamento-2-quartos-venda-vila-sao-jose-taguatinga-df-rua-8-chacara-266-964817
"CSA 2, TAGUATINGA SUL, TAGUATINGA",325000,3,,60,,https://www.dfimoveis.com.br/imovel/apartamento-3-quartos-venda-taguatinga-sul-taguatinga-df-csa-2-1377539
"CNB 1, TAGUATINGA NORTE, TAGUATINGA",530000,3,1,79,1,https://www.dfimoveis.com.br/imovel/apartamento-3-quartos-venda-taguatinga-norte-taguatinga-df-cnb-1-1402142
"QNL 5 Bloco A, TAGUATINGA NORTE, TAGUATINGA",235000,2,,63,1,https://www.dfimoveis.com.br/imovel/apartamento-2-quartos-venda-taguatinga-norte-taguatinga-df-qnl-5-bloco-a-1366780
"CSG 3, TAGUATINGA SUL, TAGUATINGA",295000,1,,36,,https://www.dfimoveis.com.br/imovel/apartamento-1-quarto-venda-taguatinga-sul-taguatinga-df-csg-3-1180271
"CSG 3, TAGUATINGA SUL, TAGUATINGA",490000,1,1,50,1,https://www.dfimoveis.com.br/imovel/apartamento-1-quarto-venda-taguatinga-sul-taguatinga-df-csg-3-1420462
"Quadra C 11, TAGUATINGA CENTRO, TAGUATINGA",380000,2,1,56,1,https://www.dfimoveis.com.br/imovel/apartamento-2-quartos-venda-taguatinga-centro-taguatinga-df-quadra-c-11-1295929
"QI 24, SETOR INDUSTRIAL, TAGUATINGA",330000,2,1,52,1,https://www.dfimoveis.com.br/imovel/apartamento-2-quartos-venda-setor-industrial-taguatinga-df-qi-24-1399011
"QSD 14, TAGUATINGA SUL, TAGUATINGA",140000,2,,50,,https://www.dfimoveis.com.br/imovel/apartamento-2-quartos-venda-taguatinga-sul-taguatinga-df-qsd-14-1407890
"QND 60, TAGUATINGA NORTE, TAGUATINGA",386005,2,1,58,,https://www.dfimoveis.com.br/imovel/apartamento-2-quartos-venda-taguatinga-norte-taguatinga-df-qnd-60-1328037
"QI 5, SETOR INDUSTRIAL, TAGUATINGA",210000,2,,75,1,https://www.dfimoveis.com.br/imovel/apartamento-2-quartos-venda-setor-industrial-taguatinga-df-qi-5-1363894
"QSA 4, TAGUATINGA SUL, TAGUATINGA",630000,3,1,91,2,https://www.dfimoveis.com.br/imovel/apartamento-3-quartos-venda-taguatinga-sul-taguatinga-df-qsa-4-1321100
"CSG 3, TAGUATINGA SUL, TAGUATINGA",690000,2,1,83,2,https://www.dfimoveis.com.br/imovel/apartamento-2-quartos-venda-taguatinga-sul-taguatinga-df-csg-3-681895
"CNB 3, TAGUATINGA NORTE, TAGUATINGA",365000,3,,64,,https://www.dfimoveis.com.br/imovel/apartamento-3-quartos-venda-taguatinga-norte-taguatinga-df-cnb-3-1357523
"QI 19, SETOR INDUSTRIAL, TAGUATINGA",550000,2,1,65,1,https://www.dfimoveis.com.br/imovel/apartamento-2-quartos-venda-setor-industrial-taguatinga-df-qi-19-1419219
"Quadra C 7, TAGUATINGA CENTRO, TAGUATINGA",375000,2,1,45,1,https://www.dfimoveis.com.br/imovel/apartamento-2-quartos-venda-taguatinga-centro-taguatinga-df-quadra-c-7-1298982
"QNC 1, TAGUATINGA NORTE, TAGUATINGA",550000,3,1,73,1,https://www.dfimoveis.com.br/imovel/apartamento-3-quartos-venda-taguatinga-norte-taguatinga-df-qnc-1-1383522
"CSB 3, TAGUATINGA SUL, TAGUATINGA",450000,3,1,70,1,https://www.dfimoveis.com.br/imovel/apartamento-3-quartos-venda-taguatinga-sul-taguatinga-df-csb-3-1409157
"CSB 5, TAGUATINGA SUL, TAGUATINGA",320000,3,1,63,,https://www.dfimoveis.com.br/imovel/apartamento-3-quartos-venda-taguatinga-sul-taguatinga-df-csb-5-1195156
"CSB 3, TAGUATINGA SUL, TAGUATINGA",540000,2,1,58,1,https://www.dfimoveis.com.br/imovel/apartamento-2-quartos-venda-taguatinga-sul-taguatinga-df-csb-3-1375605
"QI 24, SETOR INDUSTRIAL, TAGUATINGA",290000,2,,43,1,https://www.dfimoveis.com.br/imovel/apartamento-2-quartos-venda-setor-industrial-taguatinga-df-qi-24-1402612
"QI 24 LoteS 1 A 13, SETOR INDUSTRIAL, TAGUATINGA",520000,3,1,103,2,https://www.dfimoveis.com.br/imovel/apartamento-3-quartos-venda-setor-industrial-taguatinga-df-qi-24-lotes-1-a-13-962710
"Quadra C 2, TAGUATINGA CENTRO, TAGUATINGA",239000,2,,59,1,https://www.dfimoveis.com.br/imovel/apartamento-2-quartos-venda-taguatinga-centro-taguatinga-df-quadra-c-2-1405440
"Quadra C 11, TAGUATINGA CENTRO, TAGUATINGA",310000,3,1,101,1,https://www.dfimoveis.com.br/imovel/apartamento-3-quartos-venda-taguatinga-centro-taguatinga-df-quadra-c-11-1374753
"QI 24 LoteS 14 A 27, SETOR INDUSTRIAL, TAGUATINGA",370000,2,,50,1,https://www.dfimoveis.com.br/imovel/apartamento-2-quartos-venda-setor-industrial-taguatinga-df-qi-24-lotes-14-a-27-1419884
"QSE 7, TAGUATINGA SUL, TAGUATINGA",139000,1,,25,,https://www.dfimoveis.com.br/imovel/kitnet-1-quarto-venda-taguatinga-sul-taguatinga-df-qse-7-1402805
"QNA 6, TAGUATINGA NORTE, TAGUATINGA",150000,1,1,31,,https://www.dfimoveis.com.br/imovel/kitnet-1-quarto-venda-taguatinga-norte-taguatinga-df-qna-6-1325112
"QNL 3 Bloco B, TAGUATINGA NORTE, TAGUATINGA",310000,3,,68,1,https://www.dfimoveis.com.br/imovel/apartamento-3-quartos-venda-taguatinga-norte-taguatinga-df-qnl-3-bloco-b-1405686
"QNL 9, TAGUATINGA NORTE, TAGUATINGA",252000,2,,65,1,https://www.dfimoveis.com.br/imovel/apartamento-2-quartos-venda-taguatinga-norte-taguatinga-df-qnl-9-1333101
"Rua 10 Chacará 178, VILA SAO JOSE, TAGUATINGA",180000,2,,40,,https://www.dfimoveis.com.br/imovel/apartamento-2-quartos-venda-vila-sao-jose-taguatinga-df-rua-10-chacara-178-1200428
"CSB 6, TAGUATINGA SUL, TAGUATINGA",265000,3,,74,1,https://www.dfimoveis.com.br/imovel/apartamento-3-quartos-venda-taguatinga-sul-taguatinga-df-csb-6-1288246
"Setor SAGOCA Lote 2 Residencial JK, TAGUATINGA NORTE, TAGUATINGA",419000,3,1,62,1,https://www.dfimoveis.com.br/imovel/apartamento-3-quartos-venda-taguatinga-norte-taguatinga-df-setor-sagoca-lote-2---residencial-jk-1411251
"QNL 13, TAGUATINGA NORTE, TAGUATINGA",280000,3,,70,2,https://www.dfimoveis.com.br/imovel/apartamento-3-quartos-venda-taguatinga-norte-taguatinga-df-qnl-13-1403608
"CSB 3, TAGUATINGA SUL, TAGUATINGA",550000,2,1,58,1,https://www.dfimoveis.com.br/imovel/apartamento-2-quartos-venda-taguatinga-sul-taguatinga-df-csb-3-1348467
"CNB 12, TAGUATINGA NORTE, TAGUATINGA",290000,2,,60,1,https://www.dfimoveis.com.br/imovel/apartamento-2-quartos-venda-taguatinga-norte-taguatinga-df-cnb-12-1420104
"CSA 3, TAGUATINGA SUL, TAGUATINGA",300000,2,,52,,https://www.dfimoveis.com.br/imovel/apartamento-2-quartos-venda-taguatinga-sul-taguatinga-df-csa-3-1417956
"QSC 19 Chacará 25 Conjunto A1, TAGUATINGA SUL, TAGUATINGA",220000,2,,65,1,https://www.dfimoveis.com.br/imovel/apartamento-2-quartos-venda-taguatinga-sul-taguatinga-df-qsc-19-chacara-25-conjunto-a1-1371612
"CNB 14, TAGUATINGA NORTE, TAGUATINGA",450000,3,1,69,,https://www.dfimoveis.com.br/imovel/apartamento-3-quartos-venda-taguatinga-norte-taguatinga-df-cnb-14-1298109
"CSB 03 Lote 02/06, TAGUATINGA SUL, TAGUATINGA",395000,2,1,61,1,https://www.dfimoveis.com.br/imovel/apartamento-2-quartos-venda-taguatinga-sul-taguatinga-df-csb-03-lote-02-06-1266046
"CNB 10, TAGUATINGA NORTE, TAGUATINGA",289999,2,,56,1,https://www.dfimoveis.com.br/imovel/apartamento-2-quartos-venda-taguatinga-norte-taguatinga-df-cnb-10-1411834
"QNJ 58 Bloco C, TAGUATINGA NORTE, TAGUATINGA",255000,2,,73,,https://www.dfimoveis.com.br/imovel/apartamento-2-quartos-venda-taguatinga-norte-taguatinga-df-qnj-58-bloco-c-1328335
"QNL 6, TAGUATINGA NORTE, TAGUATINGA",265000,2,,63,2,https://www.dfimoveis.com.br/imovel/apartamento-2-quartos-venda-taguatinga-norte-taguatinga-df-qnl-6-1181998
"CNB 01 Lote 05, TAGUATINGA NORTE, TAGUATINGA",319000,2,1,89,1,https://www.dfimoveis.com.br/imovel/apartamento-2-quartos-venda-taguatinga-norte-taguatinga-df-cnb-01-lote-05-1420775
"Quadra C 2, TAGUATINGA CENTRO, TAGUATINGA",198000,2,,49,,https://www.dfimoveis.com.br/imovel/apartamento-2-quartos-venda-taguatinga-centro-taguatinga-df-quadra-c-2-1405454
"QI 24, SETOR INDUSTRIAL, TAGUATINGA",355000,2,1,52,1,https://www.dfimoveis.com.br/imovel/apartamento-2-quartos-venda-setor-industrial-taguatinga-df-qi-24-1358076
"CNB 14, TAGUATINGA NORTE, TAGUATINGA",480000,3,1,70,,https://www.dfimoveis.com.br/imovel/apartamento-3-quartos-venda-taguatinga-norte-taguatinga-df-cnb-14-1412010
"CSB 05 Lote 08, TAGUATINGA SUL, TAGUATINGA",398000,2,,62,1,https://www.dfimoveis.com.br/imovel/apartamento-2-quartos-venda-taguatinga-sul-taguatinga-df-csb-05-lote-08-1403197
"QNL 2, TAGUATINGA NORTE, TAGUATINGA",335000,3,,72,,https://www.dfimoveis.com.br/imovel/apartamento-3-quartos-venda-taguatinga-norte-taguatinga-df-qnl-2-1418188
"Quadra C 7, TAGUATINGA CENTRO, TAGUATINGA",220000,2,,50,,https://www.dfimoveis.com.br/imovel/apartamento-2-quartos-venda-taguatinga-centro-taguatinga-df-quadra-c-7-744690
"QNL 12 Bloco C, TAGUATINGA NORTE, TAGUATINGA",305000,2,1,75,2,https://www.dfimoveis.com.br/imovel/apartamento-2-quartos-venda-taguatinga-norte-taguatinga-df-qnl-12-bloco-c-1285390
"CNB 5, TAGUATINGA NORTE, TAGUATINGA",280000,2,,70,,https://www.dfimoveis.com.br/imovel/apartamento-2-quartos-venda-taguatinga-norte-taguatinga-df-cnb-5-1371001
"Setor SAGOCA Lote 4 Residencial Itamaraty, TAGUATINGA NORTE, TAGUATINGA",275000,2,,48,1,https://www.dfimoveis.com.br/imovel/apartamento-2-quartos-venda-taguatinga-norte-taguatinga-df-setor-sagoca-lote-4---residencial-itamaraty-1403210
"CSA 01 Lote 14/15, TAGUATINGA SUL, TAGUATINGA",310000,2,,53,1,https://www.dfimoveis.com.br/imovel/apartamento-2-quartos-venda-taguatinga-sul-taguatinga-df-csa-01-lote-14-15-1338710
"SAGOCA, TAGUATINGA NORTE, TAGUATINGA",449000,3,1,65,1,https://www.dfimoveis.com.br/imovel/apartamento-3-quartos-venda-taguatinga-norte-taguatinga-df-sagoca-1348069
"CNB 10 Lote 12, TAGUATINGA NORTE, TAGUATINGA",290000,2,,56,1,https://www.dfimoveis.com.br/imovel/apartamento-2-quartos-venda-taguatinga-norte-taguatinga-df-cnb-10-lote-12-1404128
"CNB 12, TAGUATINGA NORTE, TAGUATINGA",260000,2,,65,,https://www.dfimoveis.com.br/imovel/apartamento-2-quartos-venda-taguatinga-norte-taguatinga-df-cnb-12-1402721
"Setor SAGOCA Lote 2 Residencial Esplanada, TAGUATINGA NORTE, TAGUATINGA",270000,2,1,50,1,https://www.dfimoveis.com.br/imovel/apartamento-2-quartos-venda-taguatinga-norte-taguatinga-df-setor-sagoca-lote-2---residencial-esplanada-1412973
"QSF 1 Área Especial 6/7/8, TAGUATINGA SUL, TAGUATINGA",450000,2,1,59,1,https://www.dfimoveis.com.br/imovel/apartamento-2-quartos-venda-taguatinga-sul-taguatinga-df-qsf-1-area-especial-6-7-8-1206934
"CSB 09 Lote 03, TAGUATINGA SUL, TAGUATINGA",350000,2,,53,1,https://www.dfimoveis.com.br/imovel/apartamento-2-quartos-venda-taguatinga-sul-taguatinga-df-csb-09-lote-03-1418747
"CSG 3, TAGUATINGA SUL, TAGUATINGA",675000,1,1,97,1,https://www.dfimoveis.com.br/imovel/apartamento-1-quarto-venda-taguatinga-sul-taguatinga-df-csg-3-1130413
"CSB 8, TAGUATINGA SUL, TAGUATINGA",350000,3,,93,,https://www.dfimoveis.com.br/imovel/apartamento-3-quartos-venda-taguatinga-sul-taguatinga-df-csb-8-1383520
"CSB 9, TAGUATINGA SUL, TAGUATINGA",350000,2,,53,1,https://www.dfimoveis.com.br/imovel/apartamento-2-quartos-venda-taguatinga-sul-taguatinga-df-csb-9-1417005
"CNB 14 Lote 02, TAGUATINGA NORTE, TAGUATINGA",290000,2,,57,1,https://www.dfimoveis.com.br/imovel/apartamento-2-quartos-venda-taguatinga-norte-taguatinga-df-cnb-14-lote-02-1350446
"CSB 10, TAGUATINGA SUL, TAGUATINGA",720000,4,1,92,,https://www.dfimoveis.com.br/imovel/apartamento-4-quartos-venda-taguatinga-sul-taguatinga-df-csb-10-1292533
"QNL 13 Bloco B, TAGUATINGA NORTE, TAGUATINGA",265000,3,,82,2,https://www.dfimoveis.com.br/imovel/apartamento-3-quartos-venda-taguatinga-norte-taguatinga-df-qnl-13-bloco-b-1145536
"CNB 2, TAGUATINGA NORTE, TAGUATINGA",478000,3,1,68,1,https://www.dfimoveis.com.br/imovel/apartamento-3-quartos-venda-taguatinga-norte-taguatinga-df-cnb-2-1406893
"CNB 08 Lote 12, TAGUATINGA NORTE, TAGUATINGA",300000,2,,59,1,https://www.dfimoveis.com.br/imovel/apartamento-2-quartos-venda-taguatinga-norte-taguatinga-df-cnb-08-lote-12-1384980
"QNL 9 Bloco B, TAGUATINGA NORTE, TAGUATINGA",235000,2,,63,1,https://www.dfimoveis.com.br/imovel/apartamento-2-quartos-venda-taguatinga-norte-taguatinga-df-qnl-9-bloco-b-1397709
"CSG 3, TAGUATINGA SUL, TAGUATINGA",380000,1,1,47,1,https://www.dfimoveis.com.br/imovel/apartamento-1-quarto-venda-taguatinga-sul-taguatinga-df-csg-3-1235744
"QI 12, SETOR INDUSTRIAL, TAGUATINGA",395000,2,1,57,1,https://www.dfimoveis.com.br/imovel/apartamento-2-quartos-venda-setor-industrial-taguatinga-df-qi-12-1418760
"QNA 14, TAGUATINGA NORTE, TAGUATINGA",410000,2,,89,2,https://www.dfimoveis.com.br/imovel/apartamento-2-quartos-venda-taguatinga-norte-taguatinga-df-qna-14-963119
"QNL 19 Bloco A, TAGUATINGA NORTE, TAGUATINGA",220000,2,,45,1,https://www.dfimoveis.com.br/imovel/apartamento-2-quartos-venda-taguatinga-norte-taguatinga-df-qnl-19-bloco-a-1403105
"SAGOCA, TAGUATINGA NORTE, TAGUATINGA",255000,2,,48,1,https://www.dfimoveis.com.br/imovel/apartamento-2-quartos-venda-taguatinga-norte-taguatinga-df-sagoca-1369947
"QI 24, SETOR INDUSTRIAL, TAGUATINGA",360000,2,,55,1,https://www.dfimoveis.com.br/imovel/apartamento-2-quartos-venda-setor-industrial-taguatinga-df-qi-24-1290136
"QSE Área Especial 11, TAGUATINGA SUL, TAGUATINGA",180000,2,,55,1,https://www.dfimoveis.com.br/imovel/apartamento-2-quartos-venda-taguatinga-sul-taguatinga-df-qse-area-especial-11-1137154
"CSA 02 Lote 10, TAGUATINGA SUL, TAGUATINGA",250000,1,,40,,https://www.dfimoveis.com.br/imovel/apartamento-1-quarto-venda-taguatinga-sul-taguatinga-df-csa-02-lote-10-1131571
"QI 24, SETOR INDUSTRIAL, TAGUATINGA",380000,2,,50,1,https://www.dfimoveis.com.br/imovel/apartamento-2-quartos-venda-setor-industrial-taguatinga-df-qi-24-1139035
"QSD 53, TAGUATINGA SUL, TAGUATINGA",152000,1,,23,,https://www.dfimoveis.com.br/imovel/apartamento-1-quarto-venda-taguatinga-sul-taguatinga-df-qsd-53-1406545
"CNB 4, TAGUATINGA NORTE, TAGUATINGA",335000,3,,70,1,https://www.dfimoveis.com.br/imovel/apartamento-3-quartos-venda-taguatinga-norte-taguatinga-df-cnb-4-1382655
"QI 24, SETOR INDUSTRIAL, TAGUATINGA",390000,2,1,51,1,https://www.dfimoveis.com.br/imovel/apartamento-2-quartos-venda-setor-industrial-taguatinga-df-qi-24-1418957
"CSG 3, TAGUATINGA SUL, TAGUATINGA",489000,1,1,95,1,https://www.dfimoveis.com.br/imovel/apartamento-1-quarto-venda-taguatinga-sul-taguatinga-df-csg-3-1416617
"CNB 14, TAGUATINGA NORTE, TAGUATINGA",440000,3,1,70,1,https://www.dfimoveis.com.br/imovel/apartamento-3-quartos-venda-taguatinga-norte-taguatinga-df-cnb-14-1405343
"QI 24 LoteS 1 A 13, SETOR INDUSTRIAL, TAGUATINGA",580000,3,1,64,1,https://www.dfimoveis.com.br/imovel/apartamento-3-quartos-venda-setor-industrial-taguatinga-df-qi-24-lotes-1-a-13-1416244
"CSG 13, TAGUATINGA SUL, TAGUATINGA",245000,1,,34,1,https://www.dfimoveis.com.br/imovel/apartamento-1-quarto-venda-taguatinga-sul-taguatinga-df-csg-13-1359109
"CSD 4, TAGUATINGA SUL, TAGUATINGA",300000,3,2,88,,https://www.dfimoveis.com.br/imovel/apartamento-3-quartos-venda-taguatinga-sul-taguatinga-df-csd-4-1380135
"QI 5, SETOR INDUSTRIAL, TAGUATINGA",385000,3,1,68,1,https://www.dfimoveis.com.br/imovel/apartamento-3-quartos-venda-setor-industrial-taguatinga-df-qi-5-1383753
"CSG 3, TAGUATINGA SUL, TAGUATINGA",345000,1,1,47,1,https://www.dfimoveis.com.br/imovel/apartamento-1-quarto-venda-taguatinga-sul-taguatinga-df-csg-3-1370801
"CNB 08 Lote 04, TAGUATINGA NORTE, TAGUATINGA",430000,3,1,65,1,https://www.dfimoveis.com.br/imovel/apartamento-3-quartos-venda-taguatinga-norte-taguatinga-df-cnb-08-lote-04-972211
"CND 6, TAGUATINGA NORTE, TAGUATINGA",170000,1,,33,,https://www.dfimoveis.com.br/imovel/kitnet-1-quarto-venda-taguatinga-norte-taguatinga-df-cnd-6-1350221
"Setor SAGOCA Lote 2 Residencial Esplanada, TAGUATINGA NORTE, TAGUATINGA",285000,2,1,50,1,https://www.dfimoveis.com.br/imovel/apartamento-2-quartos-venda-taguatinga-norte-taguatinga-df-setor-sagoca-lote-2---residencial-esplanada-1341504
"SAGOCA, TAGUATINGA NORTE, TAGUATINGA",389999,3,1,62,1,https://www.dfimoveis.com.br/imovel/apartamento-3-quartos-venda-taguatinga-norte-taguatinga-df-sagoca-1401358
"QI 6, SETOR INDUSTRIAL, TAGUATINGA",430000,3,1,100,1,https://www.dfimoveis.com.br/imovel/apartamento-3-quartos-venda-setor-industrial-taguatinga-df-qi-6-1172945
"CSB 05 Lote 02, TAGUATINGA SUL, TAGUATINGA",380000,2,1,75,1,https://www.dfimoveis.com.br/imovel/apartamento-2-quartos-venda-taguatinga-sul-taguatinga-df-csb-05-lote-02-1371830
"CSA 03 Lote 16, TAGUATINGA SUL, TAGUATINGA",299000,2,,62,1,https://www.dfimoveis.com.br/imovel/apartamento-2-quartos-venda-taguatinga-sul-taguatinga-df-csa-03-lote-16-1418628
"QSA 4, TAGUATINGA SUL, TAGUATINGA",610000,3,1,91,2,https://www.dfimoveis.com.br/imovel/apartamento-3-quartos-venda-taguatinga-sul-taguatinga-df-qsa-4-1372958
"CSB 07 Lote 04, TAGUATINGA SUL, TAGUATINGA",350000,3,1,70,1,https://www.dfimoveis.com.br/imovel/apartamento-3-quartos-venda-taguatinga-sul-taguatinga-df-csb-07-lote-04-1365568
"Quadra C 3, TAGUATINGA CENTRO, TAGUATINGA",267900,2,,54,1,https://www.dfimoveis.com.br/imovel/apartamento-2-quartos-venda-taguatinga-centro-taguatinga-df-quadra-c-3-1354876
"QI 24, SETOR INDUSTRIAL, TAGUATINGA",499990,3,1,63,1,https://www.dfimoveis.com.br/imovel/apartamento-3-quartos-venda-setor-industrial-taguatinga-df-qi-24-1367000
"QI 24 LoteS 14 A 27, SETOR INDUSTRIAL, TAGUATINGA",320000,2,,44,1,https://www.dfimoveis.com.br/imovel/apartamento-2-quartos-venda-setor-industrial-taguatinga-df-qi-24-lotes-14-a-27-1415855
"CNG 8, TAGUATINGA NORTE, TAGUATINGA",150000,2,,50,,https://www.dfimoveis.com.br/imovel/apartamento-2-quartos-venda-taguatinga-norte-taguatinga-df-cng-8-241465
"CNB 6, TAGUATINGA NORTE, TAGUATINGA",499000,2,2,65,2,https://www.dfimoveis.com.br/imovel/apartamento-2-quartos-venda-taguatinga-norte-taguatinga-df-cnb-6-1372487
"CSB 5, TAGUATINGA SUL, TAGUATINGA",420000,2,,63,1,https://www.dfimoveis.com.br/imovel/apartamento-2-quartos-venda-taguatinga-sul-taguatinga-df-csb-5-1404637
"QI 12, SETOR INDUSTRIAL, TAGUATINGA",463000,2,1,58,1,https://www.dfimoveis.com.br/imovel/apartamento-2-quartos-venda-setor-industrial-taguatinga-df-qi-12-1412708
"QSD 14, TAGUATINGA SUL, TAGUATINGA",150000,2,,50,1,https://www.dfimoveis.com.br/imovel/apartamento-2-quartos-venda-taguatinga-sul-taguatinga-df-qsd-14-1338280
"CNB 6, TAGUATINGA NORTE, TAGUATINGA",475000,2,2,62,2,https://www.dfimoveis.com.br/imovel/apartamento-2-quartos-venda-taguatinga-norte-taguatinga-df-cnb-6-1320587
"QSE 7, TAGUATINGA SUL, TAGUATINGA",115000,1,,30,,https://www.dfimoveis.com.br/imovel/kitnet-1-quarto-venda-taguatinga-sul-taguatinga-df-qse-7-1380693
"CSB 04 Lote 06, TAGUATINGA SUL, TAGUATINGA",230000,3,,60,,https://www.dfimoveis.com.br/imovel/apartamento-3-quartos-venda-taguatinga-sul-taguatinga-df-csb-04-lote-06-1405920
"QI 24, SETOR INDUSTRIAL, TAGUATINGA",530000,3,1,64,2,https://www.dfimoveis.com.br/imovel/apartamento-3-quartos-venda-setor-industrial-taguatinga-df-qi-24-1309193
"CSG 3, TAGUATINGA SUL, TAGUATINGA",530000,1,1,64,1,https://www.dfimoveis.com.br/imovel/apartamento-1-quarto-venda-taguatinga-sul-taguatinga-df-csg-3-1406224
"QI 24, SETOR INDUSTRIAL, TAGUATINGA",550000,2,,90,2,https://www.dfimoveis.com.br/imovel/apartamento-2-quartos-venda-setor-industrial-taguatinga-df-qi-24-1367282
"CSG 3, TAGUATINGA SUL, TAGUATINGA",370000,1,1,47,1,https://www.dfimoveis.com.br/imovel/apartamento-1-quarto-venda-taguatinga-sul-taguatinga-df-csg-3-1260533
"QNL 5 Bloco B, TAGUATINGA NORTE, TAGUATINGA",380000,3,1,72,1,https://www.dfimoveis.com.br/imovel/apartamento-3-quartos-venda-taguatinga-norte-taguatinga-df-qnl-5-bloco-b-1354368
"C 05 Lote 05, TAGUATINGA CENTRO, TAGUATINGA",250000,2,,60,1,https://www.dfimoveis.com.br/imovel/apartamento-2-quartos-venda-taguatinga-centro-taguatinga-df-c-05-lote-05-1348396
"QI 24, SETOR INDUSTRIAL, TAGUATINGA",354000,2,1,55,1,https://www.dfimoveis.com.br/imovel/apartamento-2-quartos-venda-setor-industrial-taguatinga-df-qi-24-1418901
"QNL 6 Bloco C, TAGUATINGA NORTE, TAGUATINGA",260000,3,,74,,https://www.dfimoveis.com.br/imovel/apartamento-3-quartos-venda-taguatinga-norte-taguatinga-df-qnl-6-bloco-c-1385152
"CSB 05 Lote 08, TAGUATINGA SUL, TAGUATINGA",430000,3,1,68,1,https://www.dfimoveis.com.br/imovel/apartamento-3-quartos-venda-taguatinga-sul-taguatinga-df-csb-05-lote-08-867353
"QI 3, SETOR INDUSTRIAL, TAGUATINGA",175000,2,,49,1,https://www.dfimoveis.com.br/imovel/apartamento-2-quartos-venda-setor-industrial-taguatinga-df-qi-3-1420443
"CNB 3, TAGUATINGA NORTE, TAGUATINGA",274900,2,,65,1,https://www.dfimoveis.com.br/imovel/apartamento-2-quartos-venda-taguatinga-norte-taguatinga-df-cnb-3-976315
"EQNM 34/36 Bloco E, TAGUATINGA NORTE, TAGUATINGA",195000,1,,50,,https://www.dfimoveis.com.br/imovel/apartamento-1-quarto-venda-taguatinga-norte-taguatinga-df-eqnm-34-36-bloco-e-1263503
"CSB 10, TAGUATINGA SUL, TAGUATINGA",740000,3,2,95,1,https://www.dfimoveis.com.br/imovel/apartamento-3-quartos-venda-taguatinga-sul-taguatinga-df-csb-10-1354373
"CSB 10, TAGUATINGA SUL, TAGUATINGA",659000,3,2,89,1,https://www.dfimoveis.com.br/imovel/apartamento-3-quartos-venda-taguatinga-sul-taguatinga-df-csb-10-1372919
"CSG 4, TAGUATINGA SUL, TAGUATINGA",120000,1,,30,1,https://www.dfimoveis.com.br/imovel/apartamento-1-quarto-venda-taguatinga-sul-taguatinga-df-csg-4-1250809
"CSG 3, TAGUATINGA SUL, TAGUATINGA",310000,1,,37,1,https://www.dfimoveis.com.br/imovel/apartamento-1-quarto-venda-taguatinga-sul-taguatinga-df-csg-3-1380138
"CNB 10, TAGUATINGA NORTE, TAGUATINGA",585000,3,2,83,1,https://www.dfimoveis.com.br/imovel/apartamento-3-quartos-venda-taguatinga-norte-taguatinga-df-cnb-10-1345363
"QNE 27, TAGUATINGA NORTE, TAGUATINGA",250000,3,,60,,https://www.dfimoveis.com.br/imovel/apartamento-3-quartos-venda-taguatinga-norte-taguatinga-df-qne-27-1372435
"Rua 8 Chacará 246, VILA SAO JOSE, TAGUATINGA",239990,2,,55,,https://www.dfimoveis.com.br/imovel/apartamento-2-quartos-venda-vila-sao-jose-taguatinga-df-rua-8-chacara-246-1156774
"CSB 04 Lote 04/08, TAGUATINGA SUL, TAGUATINGA",300000,2,,80,,https://www.dfimoveis.com.br/imovel/apartamento-2-quartos-venda-taguatinga-sul-taguatinga-df-csb-04-lote-04-08-1403232
"CNB 6, TAGUATINGA NORTE, TAGUATINGA",465000,2,2,61,1,https://www.dfimoveis.com.br/imovel/apartamento-2-quartos-venda-taguatinga-norte-taguatinga-df-cnb-6-1317244
"QI 12, SETOR INDUSTRIAL, TAGUATINGA",530000,3,1,65,2,https://www.dfimoveis.com.br/imovel/apartamento-3-quartos-venda-setor-industrial-taguatinga-df-qi-12-1195421
"QI 24 LoteS 1 A 13, SETOR INDUSTRIAL, TAGUATINGA",350000,2,1,54,1,https://www.dfimoveis.com.br/imovel/apartamento-2-quartos-venda-setor-industrial-taguatinga-df-qi-24-lotes-1-a-13-1419883
"CNB 14, TAGUATINGA NORTE, TAGUATINGA",390000,3,1,70,,https://www.dfimoveis.com.br/imovel/apartamento-3-quartos-venda-taguatinga-norte-taguatinga-df-cnb-14-1261755
"CNC 2, TAGUATINGA NORTE, TAGUATINGA",220000,2,,65,,https://www.dfimoveis.com.br/imovel/apartamento-2-quartos-venda-taguatinga-norte-taguatinga-df-cnc-2-1415614
"CNB 7, TAGUATINGA NORTE, TAGUATINGA",230000,1,,38,,https://www.dfimoveis.com.br/imovel/apartamento-1-quarto-venda-taguatinga-norte-taguatinga-df-cnb-7-1351069
"QI 3, SETOR INDUSTRIAL, TAGUATINGA",300000,2,1,57,1,https://www.dfimoveis.com.br/imovel/apartamento-2-quartos-venda-setor-industrial-taguatinga-df-qi-3-1359517
"CSB 3, TAGUATINGA SUL, TAGUATINGA",420000,3,,60,1,https://www.dfimoveis.com.br/imovel/apartamento-3-quartos-venda-taguatinga-sul-taguatinga-df-csb-3-1319446
"CNB 11, TAGUATINGA NORTE, TAGUATINGA",287000,2,,58,1,https://www.dfimoveis.com.br/imovel/apartamento-2-quartos-venda-taguatinga-norte-taguatinga-df-cnb-11-1418700
"CSB 03 Lote 05, TAGUATINGA SUL, TAGUATINGA",450000,3,1,70,1,https://www.dfimoveis.com.br/imovel/apartamento-3-quartos-venda-taguatinga-sul-taguatinga-df-csb-03-lote-05-1409111
"CSG 3, TAGUATINGA SUL, TAGUATINGA",649000,2,1,83,1,https://www.dfimoveis.com.br/imovel/apartamento-2-quartos-venda-taguatinga-sul-taguatinga-df-csg-3-515736
"CNB 6, TAGUATINGA NORTE, TAGUATINGA",530000,2,2,62,2,https://www.dfimoveis.com.br/imovel/apartamento-2-quartos-venda-taguatinga-norte-taguatinga-df-cnb-6-1420442
"QI 3, SETOR INDUSTRIAL, TAGUATINGA",450000,3,1,64,1,https://www.dfimoveis.com.br/imovel/apartamento-3-quartos-venda-setor-industrial-taguatinga-df-qi-3-1420447
"CSG 3, TAGUATINGA SUL, TAGUATINGA",400000,1,1,50,1,https://www.dfimoveis.com.br/imovel/apartamento-1-quarto-venda-taguatinga-sul-taguatinga-df-csg-3-1400103
"SAGOCA, TAGUATINGA NORTE, TAGUATINGA",350000,2,,72,1,https://www.dfimoveis.com.br/imovel/apartamento-2-quartos-venda-taguatinga-norte-taguatinga-df-sagoca-1214683
