titulo,preco,quartos,suites,metragem,vagas,link,subtitulo
"SAGOCA, TAGUATINGA NORTE, TAGUATINGA",270.000,2 Quartos,,48 m²,1 Vaga,https://www.dfimoveis.com.br/imovel/apartamento-2-quartos-venda-taguatinga-norte-taguatinga-df-sagoca-1351720,"48M², 2 QUARTOS, GARAGEM, VISTA LIVRE, LAZER COMPLETO, RESIDENCIAL ESPLANADA - R$ 270.000"
"QI 3, SETOR INDUSTRIAL, TAGUATINGA",460.000,3 Quartos,1 Suíte,64 m²,1 Vaga,https://www.dfimoveis.com.br/imovel/apartamento-3-quartos-venda-setor-industrial-taguatinga-df-qi-3-1385103,APARTAMENTO 3 QUARTOS - ALTOS DE TAGUATINGA II - TAGUATINGA NORTE
"QNL 8 Conjunto D, TAGUATINGA NORTE, TAGUATINGA",275.000,2 Quartos,,63 m²,1 Vaga,https://www.dfimoveis.com.br/imovel/apartamento-2-quartos-venda-taguatinga-norte-taguatinga-df-qnl-8-conjunto-d-1383124,63 M2 APARTAMENTO 2 QUARTOS 1 VAGA ACEITA FINANCIAMENTO ACEITA FGTS QNL 08 BLOCO D
"QI 3, SETOR INDUSTRIAL, TAGUATINGA",665.000,2 Quartos,1 Suíte,103 m²,1 Vaga,https://www.dfimoveis.com.br/imovel/apartamento-2-quartos-venda-setor-industrial-taguatinga-df-qi-3-1109447,TAGUATINGA / COBERTURA / 2 QUARTOS / 61
"QI 24, SETOR INDUSTRIAL, TAGUATINGA",630.000,3 Quartos,,90 m²,2 Vagas,https://www.dfimoveis.com.br/imovel/apartamento-3-quartos-venda-setor-industrial-taguatinga-df-qi-24-1404381,APARTAMENTO COBERTURA NO TOP LIFE TAGUATINGA 3 QUARTOS VISTA LIVRE CHURRASQUERIA ESPAÇOSA
"CSA 1, TAGUATINGA SUL, TAGUATINGA",330.000,1 Quarto,,40 m²,,https://www.dfimoveis.com.br/imovel/apartamento-1-quarto-venda-taguatinga-sul-taguatinga-df-csa-1-1351000,"40M², MOBILIADO, VARANDA, PRÓXIMO AO TAGUATINGA SHOPPING, LUCAS NASCIMENTO - R$: 330.000"
"CNB 3, TAGUATINGA NORTE, TAGUATINGA",510.000,2 Quartos,1 Suíte,63 m²,1 Vaga,https://www.dfimoveis.com.br/imovel/apartamento-2-quartos-venda-taguatinga-norte-taguatinga-df-cnb-3-1218777,"63M², 2 QTOS, SUÍTE, ANDAR ALTO, VISTA LIVRE, GARAGEM, RES. MONDRIAN, CNB 3 - R$: 510.000"
"CNB 5, TAGUATINGA NORTE, TAGUATINGA",350.000,3 Quartos,,80 m²,1 Vaga,https://www.dfimoveis.com.br/imovel/apartamento-3-quartos-venda-taguatinga-norte-taguatinga-df-cnb-5-1366932,3 QUARTOS | 80M | VISTA LIVRE
"QI 3, SETOR INDUSTRIAL, TAGUATINGA",365.000,2 Quartos,1 Suíte,52 m²,1 Vaga,https://www.dfimoveis.com.br/imovel/apartamento-2-quartos-venda-setor-industrial-taguatinga-df-qi-3-1409137,"52M², 2 QUARTOS, SUÍTE, GARAGEM, LAZER, À VENDA POR R$: 365.000 E ACEITA FINANCIAMENTO"
"CSG 3, TAGUATINGA SUL, TAGUATINGA",429.000,1 Quarto,1 Suíte,47 m²,2 Vagas,https://www.dfimoveis.com.br/imovel/apartamento-1-quarto-venda-taguatinga-sul-taguatinga-df-csg-3-1289116,CONDOMÍNIO CLUBE COM SERVIÇOS DE HOTELARIA
"CNB 8, TAGUATINGA NORTE, TAGUATINGA",310.000,2 Quartos,,65 m²,1 Vaga,https://www.dfimoveis.com.br/imovel/apartamento-2-quartos-venda-taguatinga-norte-taguatinga-df-cnb-8-1407914,"APARTAMENTO DE 75M² COM 03 QUARTOS, VISTA LIVRE E VAGA | TAGUATINGA NORTE - BRASÍLIA/DF"
"CNB 6, TAGUATINGA NORTE, TAGUATINGA",330.000,2 Quartos,,63 m²,1 Vaga,https://www.dfimoveis.com.br/imovel/apartamento-2-quartos-venda-taguatinga-norte-taguatinga-df-cnb-6-1295995,CNB 6 EDIFÍCIO DONA IZOLETA | APARTAMENTO 2 QUARTOS EM ANDAR ALTO - ARAMRIOS - ACEITA FINANCIAMENTO
"St Area Especiais Setor C Norte, TAGUATINGA NORTE, TAGUATINGA",540.000,3 Quartos,1 Suíte,73 m²,1 Vaga,https://www.dfimoveis.com.br/imovel/apartamento-3-quartos-venda-taguatinga-norte-taguatinga-df-st-area-especiais-setor-c-norte-1169071,QNC 1 PARADISO CLUB RESIDENCE | APARTAMENTO COM 3 QUARTOS - SENDO 1 SUÍTE - 1 VAGA - ÁREA DE LAZER -
"QI 3, SETOR INDUSTRIAL, TAGUATINGA",460.000,3 Quartos,1 Suíte,65 m²,1 Vaga,https://www.dfimoveis.com.br/imovel/apartamento-3-quartos-venda-setor-industrial-taguatinga-df-qi-3-1411994,TAGUATINGA NORTE
"QNA 42, TAGUATINGA NORTE, TAGUATINGA",470.000,3 Quartos,1 Suíte,70 m²,1 Vaga,https://www.dfimoveis.com.br/imovel/apartamento-3-quartos-venda-taguatinga-norte-taguatinga-df-qna-42-1377252,APARTAMENTO À VENDA COM 3 QUARTOS EM TAGUATINGA NORTE
"St Area Especiais Setor C Norte, TAGUATINGA NORTE, TAGUATINGA",390.000,62 Quartos,1 Suíte,62 m²,1 Vaga,https://www.dfimoveis.com.br/imovel/apartamento-4-quartos-venda-taguatinga-norte-taguatinga-df-st-area-especiais-setor-c-norte-1402445,
"Quadra C 7, TAGUATINGA CENTRO, TAGUATINGA",230.000,1 Quarto,1 Suíte,32 m²,1 Vaga,https://www.dfimoveis.com.br/imovel/apartamento-1-quarto-venda-taguatinga-centro-taguatinga-df-quadra-c-7-1374008,APARTAMENTO LYJANE TINOCO TAGUATINGA CENTRO 1 QUARTO ANDAR ALTO VAGA COBERTA PISCINA VISTA LIVRE
"CNB 12, TAGUATINGA NORTE, TAGUATINGA",434.000,2 Quartos,1 Suíte,55 m²,1 Vaga,https://www.dfimoveis.com.br/imovel/apartamento-2-quartos-venda-taguatinga-norte-taguatinga-df-cnb-12-799205,"CNB 12, RES. CÉSAR ACCIOLY, APTO DE 55M², 2 QTOS, SUÍTE, VARANDA, GARAGEM - R$: 434.000"
"CSB 10, TAGUATINGA SUL, TAGUATINGA",659.000,3 Quartos,2 Suítes,90 m²,1 Vaga,https://www.dfimoveis.com.br/imovel/apartamento-3-quartos-venda-taguatinga-sul-taguatinga-df-csb-10-1337202,"APARTAMENTO 3 DORMITÓRIOS COM 2 SUÍTE EM TAGUATINGA SUL, BRASÍLIA - VENDA COM FINANCIAMENTO"
"CND 4, TAGUATINGA NORTE, TAGUATINGA",220.000,2 Quartos,,73 m²,,https://www.dfimoveis.com.br/imovel/apartamento-2-quartos-venda-taguatinga-norte-taguatinga-df-cnd-4-1187540,"APARTAMENTO À VENDA COM 2 QUARTOS NA CND 4 - TAGUATINGA NORTE, PRAÇA DO BICALHO"
"CNB 3, TAGUATINGA NORTE, TAGUATINGA",698.000,3 Quartos,1 Suíte,93 m²,1 Vaga,https://www.dfimoveis.com.br/imovel/apartamento-3-quartos-venda-taguatinga-norte-taguatinga-df-cnb-3-1124149,
"CSG 3, TAGUATINGA SUL, TAGUATINGA",700.000,1 Quarto,1 Suíte,120 m²,1 Vaga,https://www.dfimoveis.com.br/imovel/apartamento-1-quarto-venda-taguatinga-sul-taguatinga-df-csg-3-1125884,COBERTURA COM PISCINA PRIVATIVA NO TAGUA LIFE
"CNB 01 Lote 03, TAGUATINGA NORTE, TAGUATINGA",290.000,2 Quartos,,61 m²,1 Vaga,https://www.dfimoveis.com.br/imovel/apartamento-2-quartos-venda-taguatinga-norte-taguatinga-df-cnb-01-lote-03-1130247,"APARTAMENTO PARA VENDA COM 02 QUARTOS, VAGA DE GARAGEM NO EDIFÍCIO MAGASA II EM TAGUATINGA"
"CNB 1, TAGUATINGA NORTE, TAGUATINGA",520.000,3 Quartos,1 Suíte,82 m²,1 Vaga,https://www.dfimoveis.com.br/imovel/apartamento-3-quartos-venda-taguatinga-norte-taguatinga-df-cnb-1-1157861,"APARTAMENTO DE 3 QUARTOS (1 SUÍTE), 2 BANHEIROS, 13° ANDAR, 82M² NO RESIDENCIAL CARRARA - TAGUATINGA"
"CSB 6, TAGUATINGA SUL, TAGUATINGA",380.000,3 Quartos,1 Suíte,59 m²,,https://www.dfimoveis.com.br/imovel/apartamento-3-quartos-venda-taguatinga-sul-taguatinga-df-csb-6-1408422,"59M², 2 QUARTOS + DCE, GARAGEM, VISTA LIVRE, EDIFÍCIO VIA BELLA - R$: 380.000 - FINANCIA"
"CSA 1, TAGUATINGA SUL, TAGUATINGA",1.059.000,4 Quartos,3 Suítes,184 m²,2 Vagas,https://www.dfimoveis.com.br/imovel/apartamento-4-quartos-venda-taguatinga-sul-taguatinga-df-csa-1-1407957,
"CNB 8, TAGUATINGA NORTE, TAGUATINGA",340.000,3 Quartos,,65 m²,1 Vaga,https://www.dfimoveis.com.br/imovel/apartamento-3-quartos-venda-taguatinga-norte-taguatinga-df-cnb-8-1400132,
"CSG 3, TAGUATINGA SUL, TAGUATINGA",1.500.000,3 Quartos,1 Suíte,168 m²,2 Vagas,https://www.dfimoveis.com.br/imovel/apartamento-3-quartos-venda-taguatinga-sul-taguatinga-df-csg-3-1363265,
"CSA 3, TAGUATINGA SUL, TAGUATINGA",300.000,2 Quartos,,53 m²,1 Vaga,https://www.dfimoveis.com.br/imovel/apartamento-2-quartos-venda-taguatinga-sul-taguatinga-df-csa-3-1366026,
"C 07 Lote 05, TAGUATINGA CENTRO, TAGUATINGA",290.000,2 Quartos,,76 m²,1 Vaga,https://www.dfimoveis.com.br/imovel/apartamento-2-quartos-venda-taguatinga-centro-taguatinga-df-c-07-lote-05-1247973,
"QND 12, TAGUATINGA NORTE, TAGUATINGA",385.000,3 Quartos,1 Suíte,71 m²,2 Vagas,https://www.dfimoveis.com.br/imovel/apartamento-3-quartos-venda-taguatinga-norte-taguatinga-df-qnd-12-1243506,
"CNB 10, TAGUATINGA NORTE, TAGUATINGA",290.000,2 Quartos,,62 m²,1 Vaga,https://www.dfimoveis.com.br/imovel/apartamento-2-quartos-venda-taguatinga-norte-taguatinga-df-cnb-10-1410105,
"Quadra C 7, TAGUATINGA CENTRO, TAGUATINGA",320.000,2 Quartos,1 Suíte,46 m²,1 Vaga,https://www.dfimoveis.com.br/imovel/apartamento-2-quartos-venda-taguatinga-centro-taguatinga-df-quadra-c-7-1096855,
"CSB 4, TAGUATINGA SUL, TAGUATINGA",270.000,3 Quartos,,59 m²,1 Vaga,https://www.dfimoveis.com.br/imovel/apartamento-3-quartos-venda-taguatinga-sul-taguatinga-df-csb-4-1398969,
"CNB 10, TAGUATINGA NORTE, TAGUATINGA",290.000,2 Quartos,,60 m²,1 Vaga,https://www.dfimoveis.com.br/imovel/apartamento-2-quartos-venda-taguatinga-norte-taguatinga-df-cnb-10-1348558,
"QNL 23 Conjunto E, TAGUATINGA NORTE, TAGUATINGA",269.000,2 Quartos,,62 m²,1 Vaga,https://www.dfimoveis.com.br/imovel/apartamento-2-quartos-venda-taguatinga-norte-taguatinga-df-qnl-23-conjunto-e-1413277,
"CSB 5, TAGUATINGA SUL, TAGUATINGA",650.000,4 Quartos,1 Suíte,155 m²,2 Vagas,https://www.dfimoveis.com.br/imovel/apartamento-4-quartos-venda-taguatinga-sul-taguatinga-df-csb-5-1352564,
"CNB 10, TAGUATINGA NORTE, TAGUATINGA",850.000,3 Quartos,3 Suítes,115 m²,2 Vagas,https://www.dfimoveis.com.br/imovel/apartamento-3-quartos-venda-taguatinga-norte-taguatinga-df-cnb-10-1403087,
"CNB 6, TAGUATINGA NORTE, TAGUATINGA",449.900,2 Quartos,2 Suítes,60 m²,1 Vaga,https://www.dfimoveis.com.br/imovel/apartamento-2-quartos-venda-taguatinga-norte-taguatinga-df-cnb-6-1287613,
"QNL 8 Bloco D, TAGUATINGA NORTE, TAGUATINGA",230.000,2 Quartos,,48 m²,1 Vaga,https://www.dfimoveis.com.br/imovel/apartamento-2-quartos-venda-taguatinga-norte-taguatinga-df-qnl-8-bloco-d-1224001,
"St Area Especiais Setor C Norte, TAGUATINGA NORTE, TAGUATINGA",260.000,2 Quartos,,48 m²,1 Vaga,https://www.dfimoveis.com.br/imovel/apartamento-2-quartos-venda-taguatinga-norte-taguatinga-df-st-area-especiais-setor-c-norte-1409663,
"QSD 14, TAGUATINGA SUL, TAGUATINGA",200.000,2 Quartos,,60 m²,1 Vaga,https://www.dfimoveis.com.br/imovel/apartamento-2-quartos-venda-taguatinga-sul-taguatinga-df-qsd-14-1419896,
"Setor SAGOCA Lote 2 Residencial Esplanada, TAGUATINGA NORTE, TAGUATINGA",365.000,3 Quartos,2 Suítes,62 m²,1 Vaga,https://www.dfimoveis.com.br/imovel/apartamento-3-quartos-venda-taguatinga-norte-taguatinga-df-setor-sagoca-lote-2---residencial-esplanada-1357438,
"CSB 2, TAGUATINGA SUL, TAGUATINGA",270.000,2 Quartos,,47 m²,,https://www.dfimoveis.com.br/imovel/apartamento-2-quartos-venda-taguatinga-sul-taguatinga-df-csb-2-1419239,
"QI 3, SETOR INDUSTRIAL, TAGUATINGA",465.000,3 Quartos,1 Suíte,75 m²,1 Vaga,https://www.dfimoveis.com.br/imovel/apartamento-3-quartos-venda-setor-industrial-taguatinga-df-qi-3-1408835,
"St Area Especiais Setor C Norte, TAGUATINGA NORTE, TAGUATINGA",289.000,2 Quartos,,48 m²,1 Vaga,https://www.dfimoveis.com.br/imovel/apartamento-2-quartos-venda-taguatinga-norte-taguatinga-df-st-area-especiais-setor-c-norte-1409657,
"CSG 5, TAGUATINGA SUL, TAGUATINGA",530.000,1 Quarto,1 Suíte,64 m²,1 Vaga,https://www.dfimoveis.com.br/imovel/apartamento-1-quarto-venda-taguatinga-sul-taguatinga-df-csg-5-1407083,
"Quadra C 3, TAGUATINGA CENTRO, TAGUATINGA",350.000,2 Quartos,1 Suíte,68 m²,1 Vaga,https://www.dfimoveis.com.br/imovel/apartamento-2-quartos-venda-taguatinga-centro-taguatinga-df-quadra-c-3-1328095,
"QI 24, SETOR INDUSTRIAL, TAGUATINGA",410.000,2 Quartos,,44 m²,1 Vaga,https://www.dfimoveis.com.br/imovel/apartamento-2-quartos-venda-setor-industrial-taguatinga-df-qi-24-1406622,
"CSA 3, TAGUATINGA SUL, TAGUATINGA",580.000,3 Quartos,1 Suíte,88 m²,1 Vaga,https://www.dfimoveis.com.br/imovel/apartamento-3-quartos-venda-taguatinga-sul-taguatinga-df-csa-3-1366930,
"CSB 02 Lote 08, TAGUATINGA SUL, TAGUATINGA",480.000,3 Quartos,1 Suíte,88 m²,1 Vaga,https://www.dfimoveis.com.br/imovel/apartamento-3-quartos-venda-taguatinga-sul-taguatinga-df-csb-02-lote-08-1410514,
"Setor SAGOCA Lote 4 Residencial Itamaraty, TAGUATINGA NORTE, TAGUATINGA",315.000,2 Quartos,,48 m²,1 Vaga,https://www.dfimoveis.com.br/imovel/apartamento-2-quartos-venda-taguatinga-norte-taguatinga-df-setor-sagoca-lote-4---residencial-itamaraty-1346783,
"CNB 10, TAGUATINGA NORTE, TAGUATINGA",550.000,3 Quartos,1 Suíte,140 m²,1 Vaga,https://www.dfimoveis.com.br/imovel/apartamento-3-quartos-venda-taguatinga-norte-taguatinga-df-cnb-10-1404163,
"CNB 14 Lote 02, TAGUATINGA NORTE, TAGUATINGA",320.000,2 Quartos,,58 m²,1 Vaga,https://www.dfimoveis.com.br/imovel/apartamento-2-quartos-venda-taguatinga-norte-taguatinga-df-cnb-14-lote-02-1357806,
"CNB 3, TAGUATINGA NORTE, TAGUATINGA",750.000,3 Quartos,1 Suíte,94 m²,1 Vaga,https://www.dfimoveis.com.br/imovel/apartamento-3-quartos-venda-taguatinga-norte-taguatinga-df-cnb-3-1385245,
"QI 3, SETOR INDUSTRIAL, TAGUATINGA",357.000,2 Quartos,1 Suíte,53 m²,1 Vaga,https://www.dfimoveis.com.br/imovel/apartamento-2-quartos-venda-setor-industrial-taguatinga-df-qi-3-1373377,
"QNC 1 Área Especial 19, TAGUATINGA NORTE, TAGUATINGA",520.000,3 Quartos,1 Suíte,73 m²,1 Vaga,https://www.dfimoveis.com.br/imovel/apartamento-3-quartos-venda-taguatinga-norte-taguatinga-df-qnc-1-area-especial-19-1411333,
"QNL 5 Bloco C, TAGUATINGA NORTE, TAGUATINGA",350.000,2 Quartos,1 Suíte,63 m²,2 Vagas,https://www.dfimoveis.com.br/imovel/apartamento-2-quartos-venda-taguatinga-norte-taguatinga-df-qnl-5-bloco-c-1404766,
"Quadra C 7, TAGUATINGA CENTRO, TAGUATINGA",285.000,2 Quartos,,57 m²,,https://www.dfimoveis.com.br/imovel/apartamento-2-quartos-venda-taguatinga-centro-taguatinga-df-quadra-c-7-1408048,
"Quadra C 5, TAGUATINGA CENTRO, TAGUATINGA",300.000,2 Quartos,,60 m²,1 Vaga,https://www.dfimoveis.com.br/imovel/apartamento-2-quartos-venda-taguatinga-centro-taguatinga-df-quadra-c-5-1417300,
"C 07 Lote 11, TAGUATINGA CENTRO, TAGUATINGA",449.000,3 Quartos,1 Suíte,120 m²,1 Vaga,https://www.dfimoveis.com.br/imovel/apartamento-3-quartos-venda-taguatinga-centro-taguatinga-df-c-07-lote-11-914711,
"CNB 08 Lote 12, TAGUATINGA NORTE, TAGUATINGA",330.000,2 Quartos,,60 m²,,https://www.dfimoveis.com.br/imovel/apartamento-2-quartos-venda-taguatinga-norte-taguatinga-df-cnb-08-lote-12-1356174,
"Quadra C 5, TAGUATINGA CENTRO, TAGUATINGA",330.000,2 Quartos,1 Suíte,65 m²,1 Vaga,https://www.dfimoveis.com.br/imovel/apartamento-2-quartos-venda-taguatinga-centro-taguatinga-df-quadra-c-5-1194045,
"CNB 3, TAGUATINGA NORTE, TAGUATINGA",859.000,4 Quartos,1 Suíte,138 m²,1 Vaga,https://www.dfimoveis.com.br/imovel/apartamento-4-quartos-venda-taguatinga-norte-taguatinga-df-cnb-3-1404770,
"CSB 1, TAGUATINGA SUL, TAGUATINGA",1.100.000,4 Quartos,1 Suíte,162 m²,2 Vagas,https://www.dfimoveis.com.br/imovel/apartamento-4-quartos-venda-taguatinga-sul-taguatinga-df-csb-1-1279218,
"QI 24, SETOR INDUSTRIAL, TAGUATINGA",387.000,2 Quartos,,56 m²,1 Vaga,https://www.dfimoveis.com.br/imovel/apartamento-2-quartos-venda-setor-industrial-taguatinga-df-qi-24-1290846,
"CSB 7, TAGUATINGA SUL, TAGUATINGA",270.000,1 Quarto,,50 m²,1 Vaga,https://www.dfimoveis.com.br/imovel/apartamento-1-quarto-venda-taguatinga-sul-taguatinga-df-csb-7-1413529,
"QNL 23 Bloco D, TAGUATINGA NORTE, TAGUATINGA",269.000,2 Quartos,,62 m²,1 Vaga,https://www.dfimoveis.com.br/imovel/apartamento-2-quartos-venda-taguatinga-norte-taguatinga-df-qnl-23-bloco-d-1413137,
"CSB 5, TAGUATINGA SUL, TAGUATINGA",275.000,2 Quartos,,67 m²,,https://www.dfimoveis.com.br/imovel/apartamento-2-quartos-venda-taguatinga-sul-taguatinga-df-csb-5-1348311,
"C 05 Lote 12, TAGUATINGA CENTRO, TAGUATINGA",230.000,2 Quartos,,54 m²,,https://www.dfimoveis.com.br/imovel/apartamento-2-quartos-venda-taguatinga-centro-taguatinga-df-c-05-lote-12-1357788,
"QNL 3 Bloco B, TAGUATINGA NORTE, TAGUATINGA",315.000,3 Quartos,,80 m²,2 Vagas,https://www.dfimoveis.com.br/imovel/apartamento-3-quartos-venda-taguatinga-norte-taguatinga-df-qnl-3-bloco-b-1383108,
"CNB 10, TAGUATINGA NORTE, TAGUATINGA",589.000,3 Quartos,2 Suítes,83 m²,1 Vaga,https://www.dfimoveis.com.br/imovel/apartamento-3-quartos-venda-taguatinga-norte-taguatinga-df-cnb-10-860925,
"CND 5, TAGUATINGA NORTE, TAGUATINGA",220.000,3 Quartos,,77 m²,,https://www.dfimoveis.com.br/imovel/apartamento-3-quartos-venda-taguatinga-norte-taguatinga-df-cnd-5-1304052,
"CNB 1, TAGUATINGA NORTE, TAGUATINGA",320.000,3 Quartos,,75 m²,1 Vaga,https://www.dfimoveis.com.br/imovel/apartamento-3-quartos-venda-taguatinga-norte-taguatinga-df-cnb-1-1404832,
"QI 12, SETOR INDUSTRIAL, TAGUATINGA",395.000,2 Quartos,1 Suíte,56 m²,1 Vaga,https://www.dfimoveis.com.br/imovel/apartamento-2-quartos-venda-setor-industrial-taguatinga-df-qi-12-1407891,
"QNJ 37, TAGUATINGA NORTE, TAGUATINGA",1.600.000,2 Quartos,1 Suíte,320 m²,1 Vaga,https://www.dfimoveis.com.br/imovel/apartamento-2-quartos-venda-taguatinga-norte-taguatinga-df-qnj-37-1404052,
"QNA 27, TAGUATINGA NORTE, TAGUATINGA",830.000,4 Quartos,2 Suítes,161 m²,2 Vagas,https://www.dfimoveis.com.br/imovel/apartamento-4-quartos-venda-taguatinga-norte-taguatinga-df-qna-27-1402197,
"CSB 10, TAGUATINGA SUL, TAGUATINGA",720.000,3 Quartos,2 Suítes,90 m²,3 Vagas,https://www.dfimoveis.com.br/imovel/apartamento-3-quartos-venda-taguatinga-sul-taguatinga-df-csb-10-1365542,
"QSE Área Especial 11, TAGUATINGA SUL, TAGUATINGA",340.000,2 Quartos,,55 m²,1 Vaga,https://www.dfimoveis.com.br/imovel/apartamento-2-quartos-venda-taguatinga-sul-taguatinga-df-qse-area-especial-11-1410515,
"CNB 10, TAGUATINGA NORTE, TAGUATINGA",290.000,2 Quartos,,56 m²,1 Vaga,https://www.dfimoveis.com.br/imovel/apartamento-2-quartos-venda-taguatinga-norte-taguatinga-df-cnb-10-1403690,
"CNB 01 Lote 03, TAGUATINGA NORTE, TAGUATINGA",520.000,3 Quartos,2 Suítes,82 m²,1 Vaga,https://www.dfimoveis.com.br/imovel/apartamento-3-quartos-venda-taguatinga-norte-taguatinga-df-cnb-01-lote-03-1355157,
"SAGOCA, TAGUATINGA NORTE, TAGUATINGA",285.000,2 Quartos,,48 m²,1 Vaga,https://www.dfimoveis.com.br/imovel/apartamento-2-quartos-venda-taguatinga-norte-taguatinga-df-sagoca-1419906,
"CSE 6, TAGUATINGA SUL, TAGUATINGA",247.000,1 Quarto,,55 m²,,https://www.dfimoveis.com.br/imovel/apartamento-1-quarto-venda-taguatinga-sul-taguatinga-df-cse-6-1354886,
"QI 24, SETOR INDUSTRIAL, TAGUATINGA",390.000,2 Quartos,1 Suíte,54 m²,1 Vaga,https://www.dfimoveis.com.br/imovel/apartamento-2-quartos-venda-setor-industrial-taguatinga-df-qi-24-1369004,
"SAGOCA, TAGUATINGA NORTE, TAGUATINGA",419.999,3 Quartos,1 Suíte,62 m²,1 Vaga,https://www.dfimoveis.com.br/imovel/apartamento-3-quartos-venda-taguatinga-norte-taguatinga-df-sagoca-1409712,
"QSC 19 Chacará 28AQuadra 2, TAGUATINGA SUL, TAGUATINGA",110.000,2 Quartos,,45 m²,,https://www.dfimoveis.com.br/imovel/apartamento-2-quartos-venda-taguatinga-sul-taguatinga-df-qsc-19-chacara-28aquadra-2-1397424,
"CSB 2, TAGUATINGA SUL, TAGUATINGA",260.000,2 Quartos,,50 m²,1 Vaga,https://www.dfimoveis.com.br/imovel/apartamento-2-quartos-venda-taguatinga-sul-taguatinga-df-csb-2-1327203,
"QNL 6 Bloco B, TAGUATINGA NORTE, TAGUATINGA",269.000,2 Quartos,,63 m²,2 Vagas,https://www.dfimoveis.com.br/imovel/apartamento-2-quartos-venda-taguatinga-norte-taguatinga-df-qnl-6-bloco-b-1374980,
"QNC 1 Área Especial 19, TAGUATINGA NORTE, TAGUATINGA",685.000,3 Quartos,1 Suíte,117 m²,1 Vaga,https://www.dfimoveis.com.br/imovel/apartamento-3-quartos-venda-taguatinga-norte-taguatinga-df-qnc-1-area-especial-19-1262684,
"QSF 1 Área Especial 6/7/8, TAGUATINGA SUL, TAGUATINGA",535.000,2 Quartos,1 Suíte,59 m²,1 Vaga,https://www.dfimoveis.com.br/imovel/apartamento-2-quartos-venda-taguatinga-sul-taguatinga-df-qsf-1-area-especial-6-7-8-1419752,
"QNL 11, TAGUATINGA NORTE, TAGUATINGA",280.000,3 Quartos,1 Suíte,67 m²,2 Vagas,https://www.dfimoveis.com.br/imovel/apartamento-3-quartos-venda-taguatinga-norte-taguatinga-df-qnl-11-1357439,OPORTUNIDADE!!!
"QNL 7, TAGUATINGA NORTE, TAGUATINGA",279.000,3 Quartos,,78 m²,1 Vaga,https://www.dfimoveis.com.br/imovel/apartamento-3-quartos-venda-taguatinga-norte-taguatinga-df-qnl-7-1370543,"78M², 3 QTOS, GARAGEM, AO LADO DA FEIRA PERMANENTE, QNL 7 R$ 279.000 ACEITA FINANCIAMENTO"
"CSG 3, TAGUATINGA SUL, TAGUATINGA",590.000,2 Quartos,1 Suíte,67 m²,1 Vaga,https://www.dfimoveis.com.br/imovel/apartamento-2-quartos-venda-taguatinga-sul-taguatinga-df-csg-3-1373782,
"QI 24, SETOR INDUSTRIAL, TAGUATINGA",350.000,2 Quartos,,44 m²,,https://www.dfimoveis.com.br/imovel/apartamento-2-quartos-venda-setor-industrial-taguatinga-df-qi-24-1369008,APARTAMENTO MOBILIADO DE 02 QUARTOS NO RESIDENCIAL TOP LIFE MIAMI BEACH.
"QI 24, SETOR INDUSTRIAL, TAGUATINGA",550.000,2 Quartos,1 Suíte,103 m²,2 Vagas,https://www.dfimoveis.com.br/imovel/apartamento-2-quartos-venda-setor-industrial-taguatinga-df-qi-24-1411558,"EXCELENTE OPORTUNIDADE, PRA MORAR OU INVESTIR"
"CSG 3, TAGUATINGA SUL, TAGUATINGA",460.000,1 Quarto,1 Suíte,68 m²,2 Vagas,https://www.dfimoveis.com.br/imovel/apartamento-1-quarto-venda-taguatinga-sul-taguatinga-df-csg-3-1371790,
"CNB 10, TAGUATINGA NORTE, TAGUATINGA",260.000,2 Quartos,,45 m²,1 Vaga,https://www.dfimoveis.com.br/imovel/apartamento-2-quartos-venda-taguatinga-norte-taguatinga-df-cnb-10-1410104,
"QI 3, SETOR INDUSTRIAL, TAGUATINGA",465.000,3 Quartos,1 Suíte,64 m²,1 Vaga,https://www.dfimoveis.com.br/imovel/apartamento-3-quartos-venda-setor-industrial-taguatinga-df-qi-3-1404969,APARTAMENTO DE 3 QUARTOS SENDO 1 SUÍTE EM TAGUATINGA
"QI 24, SETOR INDUSTRIAL, TAGUATINGA",397.000,2 Quartos,,50 m²,1 Vaga,https://www.dfimoveis.com.br/imovel/apartamento-2-quartos-venda-setor-industrial-taguatinga-df-qi-24-1419346,"MAGNÍFICO APARTAMENTO, REFORMADÍSSIMO EM FINO ACABAMENTO."
"Setor SAGOCA Lote 2 Residencial Esplanada, TAGUATINGA NORTE, TAGUATINGA",305.000,2 Quartos,,48 m²,1 Vaga,https://www.dfimoveis.com.br/imovel/apartamento-2-quartos-venda-taguatinga-norte-taguatinga-df-setor-sagoca-lote-2---residencial-esplanada-1413248,APARTAMENTO DE 2 QUARTOS NO RESIDENCIAL ESPLANADA EM TAGUATINGA
"QNJ 58, TAGUATINGA NORTE, TAGUATINGA",290.000,3 Quartos,,76 m²,2 Vagas,https://www.dfimoveis.com.br/imovel/apartamento-3-quartos-venda-taguatinga-norte-taguatinga-df-qnj-58-1411556,"EXCELENTE OPORTUNIDADE, PRA MORAR OU INVESTIR"
"QI 24, SETOR INDUSTRIAL, TAGUATINGA",355.000,2 Quartos,1 Suíte,54 m²,1 Vaga,https://www.dfimoveis.com.br/imovel/apartamento-2-quartos-venda-setor-industrial-taguatinga-df-qi-24-1419284,"TOP LIFE, MIAMI BEACH | TAGUATINGA | 54M² | 2 QUARTOS, 1 SUÍTE | GARAGEM | PLANEJADO E REFORMADO"
"CSG 3, TAGUATINGA SUL, TAGUATINGA",419.000,1 Quarto,1 Suíte,47 m²,1 Vaga,https://www.dfimoveis.com.br/imovel/apartamento-1-quarto-venda-taguatinga-sul-taguatinga-df-csg-3-1358101,CONDOMÍNIO CLUBE COM SERVIÇOS DE HOTELARIA
"QI 24, SETOR INDUSTRIAL, TAGUATINGA",590.000,2 Quartos,1 Suíte,105 m²,2 Vagas,https://www.dfimoveis.com.br/imovel/apartamento-2-quartos-venda-setor-industrial-taguatinga-df-qi-24-1323953,
"QNA 39, TAGUATINGA NORTE, TAGUATINGA",700.000,4 Quartos,1 Suíte,138 m²,4 Vagas,https://www.dfimoveis.com.br/imovel/apartamento-4-quartos-venda-taguatinga-norte-taguatinga-df-qna-39-1384985,138 M2 | REFORMADO | VAZADO | 2 VAGAS | FRENTE AO TAGUAPARQUE
"QSF 1 Área Especial 6/7/8, TAGUATINGA SUL, TAGUATINGA",599.000,2 Quartos,1 Suíte,83 m²,1 Vaga,https://www.dfimoveis.com.br/imovel/apartamento-2-quartos-venda-taguatinga-sul-taguatinga-df-qsf-1-area-especial-6-7-8-1329034,ACEITA PERMUTA - CARRO DE MENOR VALOR
"QSF 1 Área Especial 6/7/8, TAGUATINGA SUL, TAGUATINGA",519.000,2 Quartos,1 Suíte,60 m²,1 Vaga,https://www.dfimoveis.com.br/imovel/apartamento-2-quartos-venda-taguatinga-sul-taguatinga-df-qsf-1-area-especial-6-7-8-1417254,
"Quadra C 2, TAGUATINGA CENTRO, TAGUATINGA",295.000,3 Quartos,,86 m²,,https://www.dfimoveis.com.br/imovel/apartamento-3-quartos-venda-taguatinga-centro-taguatinga-df-quadra-c-2-1206865,"86M², 2 QUARTOS COM ARMÁRIOS + DCE, A 550M DO METRÔ, EDIFÍCIO THEODORA, C 2 - R$: 295.000"
"QNC 1, TAGUATINGA NORTE, TAGUATINGA",415.000,2 Quartos,1 Suíte,60 m²,1 Vaga,https://www.dfimoveis.com.br/imovel/apartamento-2-quartos-venda-taguatinga-norte-taguatinga-df-qnc-1-1368627,
"CSA 3, TAGUATINGA SUL, TAGUATINGA",345.000,3 Quartos,,61 m²,1 Vaga,https://www.dfimoveis.com.br/imovel/apartamento-3-quartos-venda-taguatinga-sul-taguatinga-df-csa-3-1333089,AMPLO APARTAMENTO DE CANTO
"CSG 3, TAGUATINGA SUL, TAGUATINGA",530.000,1 Quarto,,62 m²,1 Vaga,https://www.dfimoveis.com.br/imovel/apartamento-1-quarto-venda-taguatinga-sul-taguatinga-df-csg-3-1407981,APARTAMENTO DE 1 QUARTO COM 62 M² NO TAGUA LIFE CENTER EM TAGUATINGA
"QNC 1 Área Especial 19, TAGUATINGA NORTE, TAGUATINGA",430.000,2 Quartos,1 Suíte,59 m²,1 Vaga,https://www.dfimoveis.com.br/imovel/apartamento-2-quartos-venda-taguatinga-norte-taguatinga-df-qnc-1-area-especial-19-1363919,"EXCELENTE LOCALIZAÇÃO, CONDOMÍNIO SEGURO E ORGANIZADO."
"CSB 9, TAGUATINGA SUL, TAGUATINGA",275.000,2 Quartos,,53 m²,,https://www.dfimoveis.com.br/imovel/apartamento-2-quartos-venda-taguatinga-sul-taguatinga-df-csb-9-1419831,
"CNB 10 Lote 14, TAGUATINGA NORTE, TAGUATINGA",240.000,2 Quartos,,43 m²,1 Vaga,https://www.dfimoveis.com.br/imovel/apartamento-2-quartos-venda-taguatinga-norte-taguatinga-df-cnb-10-lote-14-1371070,LOCALIZAÇÃO
"SAGOCA, TAGUATINGA NORTE, TAGUATINGA",310.000,2 Quartos,,48 m²,1 Vaga,https://www.dfimoveis.com.br/imovel/apartamento-2-quartos-venda-taguatinga-norte-taguatinga-df-sagoca-1385258,2 QUARTOS REFORMADO COM ARMÁRIOS PLANEJADOS
"CSB 3, TAGUATINGA SUL, TAGUATINGA",660.000,3 Quartos,,70 m²,1 Vaga,https://www.dfimoveis.com.br/imovel/apartamento-3-quartos-venda-taguatinga-sul-taguatinga-df-csb-3-1402908,APARTAMENTO PARA VENDA 03 QUARTOS EM TAGUATINGA SUL CSB 03 RESIDENCIAL CARAVÁGIO PRÓXIMO AO METRÔ
"QNL 17, TAGUATINGA NORTE, TAGUATINGA",280.000,2 Quartos,1 Suíte,76 m²,1 Vaga,https://www.dfimoveis.com.br/imovel/apartamento-2-quartos-venda-taguatinga-norte-taguatinga-df-qnl-17-1185053,"TAGUATINGA, QNL 17, EXCELENTE APARTAMENTO 2 QUARTOS COM SUÍTE! AGENDE SUA VISITA!"
"CNB 6, TAGUATINGA NORTE, TAGUATINGA",450.000,2 Quartos,2 Suítes,60 m²,1 Vaga,https://www.dfimoveis.com.br/imovel/apartamento-2-quartos-venda-taguatinga-norte-taguatinga-df-cnb-6-485996,"APARTAMENTO RESIDENCIAL À VENDA, TAGUATINGA NORTE, TAGUATINGA - AP0100."
"Setor SAGOCA Lote 4 Residencial Itamaraty, TAGUATINGA NORTE, TAGUATINGA",370.000,3 Quartos,1 Suíte,62 m²,1 Vaga,https://www.dfimoveis.com.br/imovel/apartamento-3-quartos-venda-taguatinga-norte-taguatinga-df-setor-sagoca-lote-4---residencial-itamaraty-1361081,SAGOCA - 3 QUARTOS (1 SUÍTE) - 01 VAGA DE GARAGEM - ANDAR ALTO.
"CSG 3, TAGUATINGA SUL, TAGUATINGA",395.000,1 Quarto,1 Suíte,47 m²,2 Vagas,https://www.dfimoveis.com.br/imovel/apartamento-1-quarto-venda-taguatinga-sul-taguatinga-df-csg-3-505985,"VISTA INCRÍVEL , REFORMA DE BOM GOSTO ,ANDAR ALTO, AUTOMATIZADO."
"QI 24, SETOR INDUSTRIAL, TAGUATINGA",289.000,2 Quartos,,50 m²,1 Vaga,https://www.dfimoveis.com.br/imovel/apartamento-2-quartos-venda-setor-industrial-taguatinga-df-qi-24-1345106,LOCALIZAÇÃO EXCELENTE COM VISTA LIVRE
"QI 24 LoteS 1 A 13, SETOR INDUSTRIAL, TAGUATINGA",350.000,2 Quartos,1 Suíte,55 m²,1 Vaga,https://www.dfimoveis.com.br/imovel/apartamento-2-quartos-venda-setor-industrial-taguatinga-df-qi-24-lotes-1-a-13-1411560,"EXCELENTE OPORTUNIDADE, PRA MORAR OU INVESTIR"
"QI 3, SETOR INDUSTRIAL, TAGUATINGA",420.000,3 Quartos,1 Suíte,70 m²,1 Vaga,https://www.dfimoveis.com.br/imovel/apartamento-3-quartos-venda-setor-industrial-taguatinga-df-qi-3-1418515,ANDAR ALTO
"CSG 3, TAGUATINGA SUL, TAGUATINGA",650.000,2 Quartos,1 Suíte,70 m²,1 Vaga,https://www.dfimoveis.com.br/imovel/apartamento-2-quartos-venda-taguatinga-sul-taguatinga-df-csg-3-1404136,
"CSA 1, TAGUATINGA SUL, TAGUATINGA",268.000,1 Quarto,,29 m²,,https://www.dfimoveis.com.br/imovel/apartamento-1-quarto-venda-taguatinga-sul-taguatinga-df-csa-1-1404317,
"CNB 6, TAGUATINGA NORTE, TAGUATINGA",495.000,2 Quartos,2 Suítes,59 m²,1 Vaga,https://www.dfimoveis.com.br/imovel/apartamento-2-quartos-venda-taguatinga-norte-taguatinga-df-cnb-6-1405658,MOBILIADO
"QI 24, SETOR INDUSTRIAL, TAGUATINGA",310.000,2 Quartos,1 Suíte,45 m²,1 Vaga,https://www.dfimoveis.com.br/imovel/apartamento-2-quartos-venda-setor-industrial-taguatinga-df-qi-24-1368153,"45M², 2 QUARTOS, ARMÁRIOS, GARAGEM, LAZER COMPLETO, RES. MIAMI BEACH - R$: 310.000"
"QSF 1, TAGUATINGA SUL, TAGUATINGA",550.000,2 Quartos,1 Suíte,60 m²,,https://www.dfimoveis.com.br/imovel/apartamento-2-quartos-venda-taguatinga-sul-taguatinga-df-qsf-1-1411643,"APARTAMENTO COM 2 DORMITÓRIOS À VENDA, 60 M² POR R$ 550.000,00 - TAGUATINGA SUL - TAGUATINGA/DF"
"QI 24, SETOR INDUSTRIAL, TAGUATINGA",540.000,2 Quartos,,90 m²,2 Vagas,https://www.dfimoveis.com.br/imovel/apartamento-2-quartos-venda-setor-industrial-taguatinga-df-qi-24-1385183,"COBERTURA NO TOP LIFE LONG BEACH, COM 2 QUARTOS, 2 VAGAS E LAZER COMPLETO"
"CSG 3, TAGUATINGA SUL, TAGUATINGA",680.000,1 Quarto,1 Suíte,102 m²,1 Vaga,https://www.dfimoveis.com.br/imovel/apartamento-1-quarto-venda-taguatinga-sul-taguatinga-df-csg-3-1214300,CSG 3. TAGUA LIFE COBERTURA
"QNL 17 Bloco D, TAGUATINGA NORTE, TAGUATINGA",285.000,2 Quartos,,63 m²,1 Vaga,https://www.dfimoveis.com.br/imovel/apartamento-2-quartos-venda-taguatinga-norte-taguatinga-df-qnl-17-bloco-d-1419501,APARTAMENTO 2 QUARTOS EDIFÍCIO SAINT JAMES
"CSB 7, TAGUATINGA SUL, TAGUATINGA",770.000,3 Quartos,1 Suíte,97 m²,1 Vaga,https://www.dfimoveis.com.br/imovel/apartamento-3-quartos-venda-taguatinga-sul-taguatinga-df-csb-7-1301557,VISTA LIVRE PEMANENTE ANDA ALTO E REFORMADO
"QNL 12 Bloco A, TAGUATINGA NORTE, TAGUATINGA",255.000,2 Quartos,,42 m²,2 Vagas,https://www.dfimoveis.com.br/imovel/apartamento-2-quartos-venda-taguatinga-norte-taguatinga-df-qnl-12-bloco-a-1285519,PRÓXIMO AO COMÉRCIO LOCAL E PARADA DE ÔNIBUS
"QI 24 LoteS 14 A 27, SETOR INDUSTRIAL, TAGUATINGA",370.000,2 Quartos,1 Suíte,52 m²,1 Vaga,https://www.dfimoveis.com.br/imovel/apartamento-2-quartos-venda-setor-industrial-taguatinga-df-qi-24-lotes-14-a-27-1418299,RESIDENCIAL TOP LIFE LONG BEACH - APARTAMENTO 2 QUARTOS 1 SUÍTE - ARMÁRIOS PLANEJADOS
"Área de Chacará S, TAGUATINGA NORTE, TAGUATINGA",990.000,4 Quartos,3 Suítes,380 m²,3 Vagas,https://www.dfimoveis.com.br/imovel/apartamento-4-quartos-venda-taguatinga-norte-taguatinga-df-area-de-chacara-s-1339291,CASA COM 4 QUARTOS COMPLETA E AMPLA COM LAZER COMPLETO
"QNB 5, TAGUATINGA NORTE, TAGUATINGA",320.000,2 Quartos,1 Suíte,65 m²,1 Vaga,https://www.dfimoveis.com.br/imovel/apartamento-2-quartos-venda-taguatinga-norte-taguatinga-df-qnb-5-1332635,
"CSA 1, TAGUATINGA SUL, TAGUATINGA",440.000,1 Quarto,1 Suíte,62 m²,1 Vaga,https://www.dfimoveis.com.br/imovel/apartamento-1-quarto-venda-taguatinga-sul-taguatinga-df-csa-1-1402353,"APARTAMENTO 1 QUARTO REFORMADO COM LAZER, RESIDENCIAL LUCAS NASCIMENTO - TAGUATINGA SUL"
"CSG 3, TAGUATINGA SUL, TAGUATINGA",450.000,2 Quartos,,64 m²,1 Vaga,https://www.dfimoveis.com.br/imovel/apartamento-2-quartos-venda-taguatinga-sul-taguatinga-df-csg-3-1265951,"APARTAMENTO 2 QUARTO, 64M², VARANDA GOURMET - RESIDENCIAL TAGUA LIFE, TAGUATINGA SUL"
"CNB 6, TAGUATINGA NORTE, TAGUATINGA",480.000,2 Quartos,2 Suítes,60 m²,2 Vagas,https://www.dfimoveis.com.br/imovel/apartamento-2-quartos-venda-taguatinga-norte-taguatinga-df-cnb-6-1373086,
"CNB 12, TAGUATINGA NORTE, TAGUATINGA",400.000,2 Quartos,1 Suíte,70 m²,1 Vaga,https://www.dfimoveis.com.br/imovel/apartamento-2-quartos-venda-taguatinga-norte-taguatinga-df-cnb-12-1013720,
"CSB 7, TAGUATINGA SUL, TAGUATINGA",220.000,2 Quartos,,40 m²,,https://www.dfimoveis.com.br/imovel/apartamento-2-quartos-venda-taguatinga-sul-taguatinga-df-csb-7-1298095,
"QSC 19 Chacará 26, TAGUATINGA SUL, TAGUATINGA",265.000,2 Quartos,2 Suítes,83 m²,1 Vaga,https://www.dfimoveis.com.br/imovel/apartamento-2-quartos-venda-taguatinga-sul-taguatinga-df-qsc-19-chacara-26-1383661,
"QNM 34, TAGUATINGA NORTE, TAGUATINGA",375.000,3 Quartos,1 Suíte,63 m²,,https://www.dfimoveis.com.br/imovel/apartamento-3-quartos-venda-taguatinga-norte-taguatinga-df-qnm-34-1402502,
"SAGOCA, TAGUATINGA NORTE, TAGUATINGA",410.000,3 Quartos,1 Suíte,63 m²,1 Vaga,https://www.dfimoveis.com.br/imovel/apartamento-3-quartos-venda-taguatinga-norte-taguatinga-df-sagoca-1410292,
"Quadra C 4, TAGUATINGA CENTRO, TAGUATINGA",180.000,2 Quartos,,50 m²,,https://www.dfimoveis.com.br/imovel/apartamento-2-quartos-venda-taguatinga-centro-taguatinga-df-quadra-c-4-1401810,
"SAGOCA, TAGUATINGA NORTE, TAGUATINGA",365.000,3 Quartos,1 Suíte,62 m²,1 Vaga,https://www.dfimoveis.com.br/imovel/apartamento-3-quartos-venda-taguatinga-norte-taguatinga-df-sagoca-1362156,
"QNC 1, TAGUATINGA NORTE, TAGUATINGA",540.000,3 Quartos,1 Suíte,73 m²,1 Vaga,https://www.dfimoveis.com.br/imovel/apartamento-3-quartos-venda-taguatinga-norte-taguatinga-df-qnc-1-1262351,
"Quadra C 6, TAGUATINGA CENTRO, TAGUATINGA",349.000,1 Quarto,1 Suíte,49 m²,1 Vaga,https://www.dfimoveis.com.br/imovel/apartamento-1-quarto-venda-taguatinga-centro-taguatinga-df-quadra-c-6-1420412,
"CNB 5, TAGUATINGA NORTE, TAGUATINGA",360.000,3 Quartos,,80 m²,1 Vaga,https://www.dfimoveis.com.br/imovel/apartamento-3-quartos-venda-taguatinga-norte-taguatinga-df-cnb-5-1407113,
"Setor SAGOCA Lote 2 Residencial JK, TAGUATINGA NORTE, TAGUATINGA",375.000,3 Quartos,1 Suíte,62 m²,1 Vaga,https://www.dfimoveis.com.br/imovel/apartamento-3-quartos-venda-taguatinga-norte-taguatinga-df-setor-sagoca-lote-2---residencial-jk-1400037,
"Quadra C 5, TAGUATINGA CENTRO, TAGUATINGA",296.490,2 Quartos,,73 m²,,https://www.dfimoveis.com.br/imovel/apartamento-2-quartos-venda-taguatinga-centro-taguatinga-df-quadra-c-5-1406657,
"QSF 1 Área Especial 6/7/8, TAGUATINGA SUL, TAGUATINGA",597.000,2 Quartos,1 Suíte,82 m²,1 Vaga,https://www.dfimoveis.com.br/imovel/apartamento-2-quartos-venda-taguatinga-sul-taguatinga-df-qsf-1-area-especial-6-7-8-1369023,
"CSA 2, TAGUATINGA SUL, TAGUATINGA",690.000,4 Quartos,1 Suíte,147 m²,1 Vaga,https://www.dfimoveis.com.br/imovel/apartamento-4-quartos-venda-taguatinga-sul-taguatinga-df-csa-2-954355,
"SAGOCA, TAGUATINGA NORTE, TAGUATINGA",327.000,2 Quartos,,48 m²,1 Vaga,https://www.dfimoveis.com.br/imovel/apartamento-2-quartos-venda-taguatinga-norte-taguatinga-df-sagoca-1411652,
"CSB 3, TAGUATINGA SUL, TAGUATINGA",482.000,2 Quartos,1 Suíte,58 m²,1 Vaga,https://www.dfimoveis.com.br/imovel/apartamento-2-quartos-venda-taguatinga-sul-taguatinga-df-csb-3-1350882,
"QSF 1, TAGUATINGA SUL, TAGUATINGA",850.000,2 Quartos,1 Suíte,102 m²,1 Vaga,https://www.dfimoveis.com.br/imovel/apartamento-2-quartos-venda-taguatinga-sul-taguatinga-df-qsf-1-1288701,
"CSG 3, TAGUATINGA SUL, TAGUATINGA",499.000,2 Quartos,,64 m²,1 Vaga,https://www.dfimoveis.com.br/imovel/apartamento-2-quartos-venda-taguatinga-sul-taguatinga-df-csg-3-1383677,
"CSG 3, TAGUATINGA SUL, TAGUATINGA",349.900,1 Quarto,1 Suíte,47 m²,1 Vaga,https://www.dfimoveis.com.br/imovel/apartamento-1-quarto-venda-taguatinga-sul-taguatinga-df-csg-3-1401881,
"QSF 1, TAGUATINGA SUL, TAGUATINGA",485.000,2 Quartos,1 Suíte,59 m²,1 Vaga,https://www.dfimoveis.com.br/imovel/apartamento-2-quartos-venda-taguatinga-sul-taguatinga-df-qsf-1-1358796,
"QSF AE, TAGUATINGA SUL, TAGUATINGA",390.000,1 Quarto,,43 m²,1 Vaga,https://www.dfimoveis.com.br/imovel/apartamento-1-quarto-venda-taguatinga-sul-taguatinga-df-qsf-ae-1363081,
"QI 19, SETOR INDUSTRIAL, TAGUATINGA",650.000,3 Quartos,1 Suíte,81 m²,1 Vaga,https://www.dfimoveis.com.br/imovel/apartamento-3-quartos-venda-setor-industrial-taguatinga-df-qi-19-1071819,
"QSA 4, TAGUATINGA SUL, TAGUATINGA",610.000,3 Quartos,1 Suíte,90 m²,2 Vagas,https://www.dfimoveis.com.br/imovel/apartamento-3-quartos-venda-taguatinga-sul-taguatinga-df-qsa-4-1373258,
"QNL 1 Bloco B, TAGUATINGA NORTE, TAGUATINGA",350.000,3 Quartos,,72 m²,1 Vaga,https://www.dfimoveis.com.br/imovel/apartamento-3-quartos-venda-taguatinga-norte-taguatinga-df-qnl-1-bloco-b-1377374,
"QI 24 LoteS 14 A 27, SETOR INDUSTRIAL, TAGUATINGA",320.000,2 Quartos,,47 m²,1 Vaga,https://www.dfimoveis.com.br/imovel/apartamento-2-quartos-venda-setor-industrial-taguatinga-df-qi-24-lotes-14-a-27-1363036,
"CSG 3, TAGUATINGA SUL, TAGUATINGA",380.000,1 Quarto,1 Suíte,46 m²,1 Vaga,https://www.dfimoveis.com.br/imovel/apartamento-1-quarto-venda-taguatinga-sul-taguatinga-df-csg-3-1411488,
"Quadra C 1, TAGUATINGA CENTRO, TAGUATINGA",390.000,2 Quartos,,53 m²,1 Vaga,https://www.dfimoveis.com.br/imovel/apartamento-2-quartos-venda-taguatinga-centro-taguatinga-df-quadra-c-1-1397616,
"CSA 03 Lote 07, TAGUATINGA SUL, TAGUATINGA",599.000,3 Quartos,1 Suíte,102 m²,1 Vaga,https://www.dfimoveis.com.br/imovel/apartamento-3-quartos-venda-taguatinga-sul-taguatinga-df-csa-03-lote-07-1402181,
"QNA 46, TAGUATINGA NORTE, TAGUATINGA",1.750.000,4 Quartos,,430 m²,2 Vagas,https://www.dfimoveis.com.br/imovel/apartamento-4-quartos-venda-taguatinga-norte-taguatinga-df-qna-46-477254,
"CNB 12, TAGUATINGA NORTE, TAGUATINGA",290.000,1 Quarto,1 Suíte,42 m²,,https://www.dfimoveis.com.br/imovel/apartamento-1-quarto-venda-taguatinga-norte-taguatinga-df-cnb-12-1289471,
"CNB 1, TAGUATINGA NORTE, TAGUATINGA",270.000,2 Quartos,,70 m²,,https://www.dfimoveis.com.br/imovel/apartamento-2-quartos-venda-taguatinga-norte-taguatinga-df-cnb-1-1143526,
"CSB 3, TAGUATINGA SUL, TAGUATINGA",340.000,3 Quartos,1 Suíte,77 m²,,https://www.dfimoveis.com.br/imovel/apartamento-3-quartos-venda-taguatinga-sul-taguatinga-df-csb-3-1143214,
"QNC 3, TAGUATINGA NORTE, TAGUATINGA",260.000,1 Quarto,,34 m²,,https://www.dfimoveis.com.br/imovel/apartamento-1-quarto-venda-taguatinga-norte-taguatinga-df-qnc-3-1341362,
"CSB 4, TAGUATINGA SUL, TAGUATINGA",400.000,2 Quartos,,81 m²,,https://www.dfimoveis.com.br/imovel/apartamento-2-quartos-venda-taguatinga-sul-taguatinga-df-csb-4-1410534,EDIFÍCIO SAINT ETIENNE II - APARTAMENTO - 2 QUARTOS - REFORMADO - VISTA LIVRE
"CNB 12, TAGUATINGA NORTE, TAGUATINGA",890.410,4 Quartos,2 Suítes,107 m²,2 Vagas,https://www.dfimoveis.com.br/imovel/apartamento-4-quartos-venda-taguatinga-norte-taguatinga-df-cnb-12-799204,"CNB 12, RES CÉSAR ACCIOLY, APTO DE 107M², 4 QTS, 2 SUÍTES, VARANDA, 2 VAGAS R$ 890.410,00"
"CNB 2, TAGUATINGA NORTE, TAGUATINGA",480.000,3 Quartos,1 Suíte,68 m²,1 Vaga,https://www.dfimoveis.com.br/imovel/apartamento-3-quartos-venda-taguatinga-norte-taguatinga-df-cnb-2-1291008,"68M², 3 QUARTOS, SUÍTE, GARAGEM, PRÓXIMO AO METRÔ, RES. LUMA ACCIOLY, CNB 2 - R$: 480.000"
"CNB 10, TAGUATINGA NORTE, TAGUATINGA",260.000,2 Quartos,,43 m²,1 Vaga,https://www.dfimoveis.com.br/imovel/apartamento-2-quartos-venda-taguatinga-norte-taguatinga-df-cnb-10-1257746,"APARTAMENTO COM 2 QUARTOS, ARMÁRIOS E VAGA COBERTA À VENDA NA CNB 10 - TAGUATINGA NORTE"
"CNB 8, TAGUATINGA NORTE, TAGUATINGA",550.000,4 Quartos,1 Suíte,151 m²,1 Vaga,https://www.dfimoveis.com.br/imovel/apartamento-4-quartos-venda-taguatinga-norte-taguatinga-df-cnb-8-1416133,"151M², 3 QUARTOS, SUÍTE + QUARTO DE EMPGREGADA, 270M DA BLUEFIT - R$: 550.000 - FINANCIA"
"SAGOCA, TAGUATINGA NORTE, TAGUATINGA",385.000,3 Quartos,1 Suíte,68 m²,1 Vaga,https://www.dfimoveis.com.br/imovel/apartamento-3-quartos-venda-taguatinga-norte-taguatinga-df-sagoca-1419888,
"QI 24 LoteS 1 A 13, SETOR INDUSTRIAL, TAGUATINGA",530.000,2 Quartos,,90 m²,2 Vagas,https://www.dfimoveis.com.br/imovel/apartamento-2-quartos-venda-setor-industrial-taguatinga-df-qi-24-lotes-1-a-13-1290794,COBERTURA NO MIAMI BEACH TOP LIFE TAGUATINGA | 2 QUARTOS | 2 VAGAS| ACEITA FINANCIAMENTO E FGTS
"QNL 1 Bloco C, TAGUATINGA NORTE, TAGUATINGA",337.000,3 Quartos,,76 m²,1 Vaga,https://www.dfimoveis.com.br/imovel/apartamento-3-quartos-venda-taguatinga-norte-taguatinga-df-qnl-1-bloco-c-1296987,APARTAMENTO PARA VENDA COM 3 QUARTOS E VAGA DE GARAGEM NA QNL 1 - TAGUATINGA NORTE
"CNB 10, TAGUATINGA NORTE, TAGUATINGA",927.000,4 Quartos,3 Suítes,140 m²,1 Vaga,https://www.dfimoveis.com.br/imovel/apartamento-4-quartos-venda-taguatinga-norte-taguatinga-df-cnb-10-1406036,COBERTURA DUPLEX NA CNB 10 - TAGUATINGA
"QI 24, SETOR INDUSTRIAL, TAGUATINGA",335.000,2 Quartos,1 Suíte,55 m²,1 Vaga,https://www.dfimoveis.com.br/imovel/apartamento-2-quartos-venda-setor-industrial-taguatinga-df-qi-24-1400130,
"CNB 14 Lote 02, TAGUATINGA NORTE, TAGUATINGA",320.000,2 Quartos,1 Suíte,59 m²,1 Vaga,https://www.dfimoveis.com.br/imovel/apartamento-2-quartos-venda-taguatinga-norte-taguatinga-df-cnb-14-lote-02-1225563,EXCELENTE LOCALIZAÇÃO FRENTE NASCENTE COMÉRCIO LOCAL SESC ETC
"QNL 8 Bloco B, TAGUATINGA NORTE, TAGUATINGA",260.000,2 Quartos,,76 m²,1 Vaga,https://www.dfimoveis.com.br/imovel/apartamento-2-quartos-venda-taguatinga-norte-taguatinga-df-qnl-8-bloco-b-1268374,
"CSG 3, TAGUATINGA SUL, TAGUATINGA",350.000,1 Quarto,1 Suíte,37 m²,1 Vaga,https://www.dfimoveis.com.br/imovel/apartamento-1-quarto-venda-taguatinga-sul-taguatinga-df-csg-3-1176679,IMPECÁVEL
"Quadra C 1, TAGUATINGA CENTRO, TAGUATINGA",395.000,2 Quartos,1 Suíte,49 m²,1 Vaga,https://www.dfimoveis.com.br/imovel/apartamento-2-quartos-venda-taguatinga-centro-taguatinga-df-quadra-c-1-1409045,TAGUAPARQUE TAGUATINGA CENTRO 2 QUARTOS VARANDA
"QNC 1, TAGUATINGA NORTE, TAGUATINGA",680.000,3 Quartos,2 Suítes,118 m²,1 Vaga,https://www.dfimoveis.com.br/imovel/apartamento-3-quartos-venda-taguatinga-norte-taguatinga-df-qnc-1-1333585,
"QNL 9 Bloco B, TAGUATINGA NORTE, TAGUATINGA",270.500,2 Quartos,,65 m²,1 Vaga,https://www.dfimoveis.com.br/imovel/apartamento-2-quartos-venda-taguatinga-norte-taguatinga-df-qnl-9-bloco-b-1293584,QNL 9 EDIFICIO MAR ADRIATRICO | APARTAMENTO 2 QUARTOS BANHEIRO SOCIAL COM ARMÁRIOS COM 1 VAGA DE GAR
"SAGOCA, TAGUATINGA NORTE, TAGUATINGA",390.000,3 Quartos,1 Suíte,62 m²,1 Vaga,https://www.dfimoveis.com.br/imovel/apartamento-3-quartos-venda-taguatinga-norte-taguatinga-df-sagoca-1406779,RESIDENCIAL JK - APARTAMENTO - 3 QUARTOS - TAGUATINGA - NASCENTE - 62 M - AREA DE LAZER
"QI 24, SETOR INDUSTRIAL, TAGUATINGA",820.000,2 Quartos,1 Suíte,104 m²,2 Vagas,https://www.dfimoveis.com.br/imovel/apartamento-2-quartos-venda-setor-industrial-taguatinga-df-qi-24-1373384,TOP LIFE MIAMI BEACH | COBERTURA | 104M²; | JACUZZI PRIVATIVA
"CNB 2, TAGUATINGA NORTE, TAGUATINGA",480.000,3 Quartos,1 Suíte,69 m²,1 Vaga,https://www.dfimoveis.com.br/imovel/apartamento-3-quartos-venda-taguatinga-norte-taguatinga-df-cnb-2-1403807,"69M², 3 QUARTOS, SUÍTE, GARAGEM, LAZER, PRÓXIMO A ESTAÇÃO PRAÇA DO RELÓGIO - R$: 480.000"
"QI 24, SETOR INDUSTRIAL, TAGUATINGA",360.000,2 Quartos,,44 m²,1 Vaga,https://www.dfimoveis.com.br/imovel/apartamento-2-quartos-venda-setor-industrial-taguatinga-df-qi-24-1328275,EXCLUSIVIDADE NO RESIDENCIAL MIAMI BEACH | 02 QUARTOS | NASCENTE | ANDAR ALTO
"CSB 7, TAGUATINGA SUL, TAGUATINGA",700.000,3 Quartos,1 Suíte,106 m²,1 Vaga,https://www.dfimoveis.com.br/imovel/apartamento-3-quartos-venda-taguatinga-sul-taguatinga-df-csb-7-1342625,APARTAMENTO 3 QUARTOS - SUÍTE - LAZER COMPLETO - RESIDENCIAL VIA BELLA CITTÁ
"EQNL 1/3 Bloco C, TAGUATINGA NORTE, TAGUATINGA",109.990,1 Quarto,,30 m²,,https://www.dfimoveis.com.br/imovel/kitnet-1-quarto-venda-taguatinga-norte-taguatinga-df-eqnl-1-3-bloco-c-1146636,"APARTAMENTO 1 QUARTO, NASCENTE, 30M² À VENDA NA EQNL 1/3 - TAGUATINGA"
"CNB 14 Lote 02, TAGUATINGA NORTE, TAGUATINGA",290.000,2 Quartos,,59 m²,1 Vaga,https://www.dfimoveis.com.br/imovel/apartamento-2-quartos-venda-taguatinga-norte-taguatinga-df-cnb-14-lote-02-1199904,CNB 14 PORTO DA BARRA | APARTAMENTO NASCENTE COM 2 QUARTOS - 1 VAGA - TAGUATINGA NORTE
"QI 3, SETOR INDUSTRIAL, TAGUATINGA",650.000,2 Quartos,1 Suíte,103 m²,1 Vaga,https://www.dfimoveis.com.br/imovel/apartamento-2-quartos-venda-setor-industrial-taguatinga-df-qi-3-1419166,APARTAMENTO COBERTURA À VENDA EM TAGUATINGA QI 03 ACEITA FINANCIAMENTO E FGTS REFORMADO
"C 07 Lote 08, TAGUATINGA CENTRO, TAGUATINGA",240.000,2 Quartos,,67 m²,,https://www.dfimoveis.com.br/imovel/apartamento-2-quartos-venda-taguatinga-centro-taguatinga-df-c-07-lote-08-1419567,APARTAMENTO À VENDA COM 2 QUARTOS NO EDIFÍCIO PATRÍCIA - TAGUATINGA CENTRO DF
"CSB 02 Lote 08, TAGUATINGA SUL, TAGUATINGA",290.000,2 Quartos,,74 m²,,https://www.dfimoveis.com.br/imovel/apartamento-2-quartos-venda-taguatinga-sul-taguatinga-df-csb-02-lote-08-1383095,EDIFÍCIO BETA II - APARTAMENTO - 2 QUARTOS - 74 M - TAGUATINGA SUL
"CSB 5, TAGUATINGA SUL, TAGUATINGA",680.000,4 Quartos,1 Suíte,136 m²,1 Vaga,https://www.dfimoveis.com.br/imovel/apartamento-4-quartos-venda-taguatinga-sul-taguatinga-df-csb-5-1342626,APARTAMENTO 4 QUARTOS - RESIDENCIAL CÁRMENES - TAGUATINGA SUL
"QSF 1 Área Especial 6/7/8, TAGUATINGA SUL, TAGUATINGA",469.000,2 Quartos,1 Suíte,60 m²,1 Vaga,https://www.dfimoveis.com.br/imovel/apartamento-2-quartos-venda-taguatinga-sul-taguatinga-df-qsf-1-area-especial-6-7-8-1419925,
"SETOR HOTELEIRO, TAGUATINGA CENTRO, TAGUATINGA",185.000,1 Quarto,,22 m²,1 Vaga,https://www.dfimoveis.com.br/imovel/apartamento-1-quarto-venda-taguatinga-centro-taguatinga-df-setor-hoteleiro-1377253,"APART HOTEL DE 1 QUARTO, VISTA LIVRE E NASCENTE - COMFORT HOTEL, TAGUATINGA/DF"
"QI 3, SETOR INDUSTRIAL, TAGUATINGA",399.000,3 Quartos,1 Suíte,65 m²,1 Vaga,https://www.dfimoveis.com.br/imovel/apartamento-3-quartos-venda-setor-industrial-taguatinga-df-qi-3-963046,APARTAMENTO PARA VENDA COM 3 QUARTOS E COM 65M² NO CONDOMÍNIO ALTOS DE TAGUATINGA II EM TAGUATINGA N
"QNL 1 Bloco C, TAGUATINGA NORTE, TAGUATINGA",280.000,3 Quartos,,64 m²,1 Vaga,https://www.dfimoveis.com.br/imovel/apartamento-3-quartos-venda-taguatinga-norte-taguatinga-df-qnl-1-bloco-c-1282066,EXCELENTE LOCALIZAÇÃO E PRECO IMBATÍVEL
"CSG 3, TAGUATINGA SUL, TAGUATINGA",350.000,1 Quarto,,57 m²,1 Vaga,https://www.dfimoveis.com.br/imovel/apartamento-1-quarto-venda-taguatinga-sul-taguatinga-df-csg-3-1363745,RARIDADE EM TAGUATINGA SUL - APARTAMENTO GARDEN TÉRREO NO RESIDENCIAL TAGUALIFE
"CSB 04 Lote 06, TAGUATINGA SUL, TAGUATINGA",270.000,3 Quartos,1 Suíte,60 m²,,https://www.dfimoveis.com.br/imovel/apartamento-3-quartos-venda-taguatinga-sul-taguatinga-df-csb-04-lote-06-1161805,EDIFÍCIO NEW RESIDENCE - APARTAMENTO COM 3 QUARTOS SENDO 1 SUÍTE - ACEITA FINANCIAMENTO
"CNB 10, TAGUATINGA NORTE, TAGUATINGA",587.900,3 Quartos,2 Suítes,83 m²,1 Vaga,https://www.dfimoveis.com.br/imovel/apartamento-3-quartos-venda-taguatinga-norte-taguatinga-df-cnb-10-1339365,"APARTAMENTO COM 3 QUARTOS 83M2º, 2 SUÍTES E LAZER COMPLETO"
"Quadra C 11, TAGUATINGA CENTRO, TAGUATINGA",300.000,3 Quartos,1 Suíte,102 m²,1 Vaga,https://www.dfimoveis.com.br/imovel/apartamento-3-quartos-venda-taguatinga-centro-taguatinga-df-quadra-c-11-1156454,EDIFICIO ANDRESSA C 11 102M² PRIVATIVOS VISTA LIVRE ELEVADOR GARAGEM 03 QUARTOS SENDO 01 SUÍTE TAGUA
"Quadra C 5, TAGUATINGA CENTRO, TAGUATINGA",228.000,3 Quartos,,85 m²,,https://www.dfimoveis.com.br/imovel/apartamento-3-quartos-venda-taguatinga-centro-taguatinga-df-quadra-c-5-962579,"APARTAMENTO 3 QUARTOS, VARANDA, NASCENTE À VENDA NA C 5 TAGUATINGA NORTE"
"CNB 9, TAGUATINGA NORTE, TAGUATINGA",1.690.000,3 Quartos,3 Suítes,270 m²,4 Vagas,https://www.dfimoveis.com.br/imovel/apartamento-3-quartos-venda-taguatinga-norte-taguatinga-df-cnb-9-1086629,EXCELENTE OPORTUNIDADE!!!
"CSG 3, TAGUATINGA SUL, TAGUATINGA",660.000,1 Quarto,,100 m²,1 Vaga,https://www.dfimoveis.com.br/imovel/apartamento-1-quarto-venda-taguatinga-sul-taguatinga-df-csg-3-1365902,COBERTURA NO TAGUA LIFE COM 1 QUARTO PISCINA E CHURRASQUEIRA PRIVATIVAS COM 1 VAGA DE GARAGEM EM TAG
"CNB 12, TAGUATINGA NORTE, TAGUATINGA",399.000,2 Quartos,1 Suíte,70 m²,1 Vaga,https://www.dfimoveis.com.br/imovel/apartamento-2-quartos-venda-taguatinga-norte-taguatinga-df-cnb-12-1216197,CNB 12 RESIDENCIAL ISABELA ACCIOLY GARDEN | APARTAMENTO 2 QUARTOS SENDO 1 SUÍTE COM 1 VAGA DE GARAG
"CNB 10, TAGUATINGA NORTE, TAGUATINGA",310.000,2 Quartos,,80 m²,1 Vaga,https://www.dfimoveis.com.br/imovel/apartamento-2-quartos-venda-taguatinga-norte-taguatinga-df-cnb-10-1416180,"VENDE-SE | APARTAMENTO 2 QUARTOS, 80M² EM TAGUATINGA NORTE – BRASÍLIA/DF"
"CNB 14 Lote 02, TAGUATINGA NORTE, TAGUATINGA",285.000,2 Quartos,,60 m²,1 Vaga,https://www.dfimoveis.com.br/imovel/apartamento-2-quartos-venda-taguatinga-norte-taguatinga-df-cnb-14-lote-02-1406897,TAGUATINGA NORTE 2 QUARTOS 1 VAGA ARMÁRIOS GARAGEM COBERTA SALA AMPLA
"CNB 01 Lote 02, TAGUATINGA NORTE, TAGUATINGA",270.000,2 Quartos,,88 m²,,https://www.dfimoveis.com.br/imovel/apartamento-2-quartos-venda-taguatinga-norte-taguatinga-df-cnb-01-lote-02-1342476,
"CNB 6, TAGUATINGA NORTE, TAGUATINGA",529.000,2 Quartos,1 Suíte,61 m²,1 Vaga,https://www.dfimoveis.com.br/imovel/apartamento-2-quartos-venda-taguatinga-norte-taguatinga-df-cnb-6-1417212,OPORTUNIDADE DE NEGÓCIO
"SAGOCA, TAGUATINGA NORTE, TAGUATINGA",315.000,2 Quartos,,48 m²,1 Vaga,https://www.dfimoveis.com.br/imovel/apartamento-2-quartos-venda-taguatinga-norte-taguatinga-df-sagoca-1348123,
"Quadra C 7, TAGUATINGA CENTRO, TAGUATINGA",360.000,3 Quartos,1 Suíte,70 m²,,https://www.dfimoveis.com.br/imovel/apartamento-3-quartos-venda-taguatinga-centro-taguatinga-df-quadra-c-7-1362939,"70M², 2 QUARTOS, DCE, ANDAR ALTO, A 400M DA ESTAÇÃO PRAÇA DO RELÓGIO - R$: 360.000"
"QI 12, SETOR INDUSTRIAL, TAGUATINGA",502.092,3 Quartos,1 Suíte,65 m²,1 Vaga,https://www.dfimoveis.com.br/imovel/apartamento-3-quartos-venda-setor-industrial-taguatinga-df-qi-12-1266756,
"CSB 10, TAGUATINGA SUL, TAGUATINGA",850.000,3 Quartos,1 Suíte,100 m²,1 Vaga,https://www.dfimoveis.com.br/imovel/apartamento-3-quartos-venda-taguatinga-sul-taguatinga-df-csb-10-1308520,"100M², 3 QUARTOS, SUÍTE, GARAGEM, LAZER COMPLETO, RES. MARIANA, CSB 10 - R$: 850.000"
"CSB 10, TAGUATINGA SUL, TAGUATINGA",700.000,3 Quartos,1 Suíte,77 m²,1 Vaga,https://www.dfimoveis.com.br/imovel/apartamento-3-quartos-venda-taguatinga-sul-taguatinga-df-csb-10-1417259,
"C 05 Lote 12, TAGUATINGA CENTRO, TAGUATINGA",230.000,3 Quartos,,58 m²,,https://www.dfimoveis.com.br/imovel/apartamento-3-quartos-venda-taguatinga-centro-taguatinga-df-c-05-lote-12-1161260,QUADRA 5 RESIDENCIAL MÔNACO | APARTAMENTO 3 QUARTOS SALA AMPLA E COZINHA COM ARMÁRIOS - PERTO DO MET
"CSB 6, TAGUATINGA SUL, TAGUATINGA",259.990,2 Quartos,,59 m²,,https://www.dfimoveis.com.br/imovel/apartamento-2-quartos-venda-taguatinga-sul-taguatinga-df-csb-6-1419923,
"CSG 3, TAGUATINGA SUL, TAGUATINGA",450.000,2 Quartos,,62 m²,1 Vaga,https://www.dfimoveis.com.br/imovel/apartamento-2-quartos-venda-taguatinga-sul-taguatinga-df-csg-3-1323014,
"QNB 5, TAGUATINGA NORTE, TAGUATINGA",425.000,3 Quartos,1 Suíte,93 m²,1 Vaga,https://www.dfimoveis.com.br/imovel/apartamento-3-quartos-venda-taguatinga-norte-taguatinga-df-qnb-5-1114804,
"CNB 2, TAGUATINGA NORTE, TAGUATINGA",380.000,2 Quartos,,71 m²,1 Vaga,https://www.dfimoveis.com.br/imovel/apartamento-2-quartos-venda-taguatinga-norte-taguatinga-df-cnb-2-1374762,
"CSG 3, TAGUATINGA SUL, TAGUATINGA",330.000,1 Quarto,1 Suíte,36 m²,1 Vaga,https://www.dfimoveis.com.br/imovel/apartamento-1-quarto-venda-taguatinga-sul-taguatinga-df-csg-3-1161775,
"QI 24, SETOR INDUSTRIAL, TAGUATINGA",320.000,2 Quartos,,45 m²,1 Vaga,https://www.dfimoveis.com.br/imovel/apartamento-2-quartos-venda-setor-industrial-taguatinga-df-qi-24-1344431,
"QNC 1 Área Especial 21, TAGUATINGA NORTE, TAGUATINGA",525.000,3 Quartos,1 Suíte,85 m²,1 Vaga,https://www.dfimoveis.com.br/imovel/apartamento-3-quartos-venda-taguatinga-norte-taguatinga-df-qnc-1-area-especial-21-1112575,
"QI 10, SETOR INDUSTRIAL, TAGUATINGA",840.000,3 Quartos,3 Suítes,115 m²,2 Vagas,https://www.dfimoveis.com.br/imovel/apartamento-3-quartos-venda-setor-industrial-taguatinga-df-qi-10-1333891,
"Quadra C 4, TAGUATINGA CENTRO, TAGUATINGA",198.500,2 Quartos,,47 m²,,https://www.dfimoveis.com.br/imovel/apartamento-2-quartos-venda-taguatinga-centro-taguatinga-df-quadra-c-4-1411930,
"QNM 34 Conjunto D2, TAGUATINGA NORTE, TAGUATINGA",240.000,1 Quarto,,35 m²,1 Vaga,https://www.dfimoveis.com.br/imovel/apartamento-1-quarto-venda-taguatinga-norte-taguatinga-df-qnm-34-conjunto-d2-1411178,
"CSG 3, TAGUATINGA SUL, TAGUATINGA",530.000,1 Quarto,1 Suíte,54 m²,1 Vaga,https://www.dfimoveis.com.br/imovel/apartamento-1-quarto-venda-taguatinga-sul-taguatinga-df-csg-3-1410536,
"QNL 15 Bloco D, TAGUATINGA NORTE, TAGUATINGA",350.000,2 Quartos,1 Suíte,68 m²,1 Vaga,https://www.dfimoveis.com.br/imovel/apartamento-2-quartos-venda-taguatinga-norte-taguatinga-df-qnl-15-bloco-d-1419907,
"QNC 1 Área Especial 19, TAGUATINGA NORTE, TAGUATINGA",470.000,2 Quartos,,60 m²,1 Vaga,https://www.dfimoveis.com.br/imovel/apartamento-2-quartos-venda-taguatinga-norte-taguatinga-df-qnc-1-area-especial-19-1190996,
"QNL 3 Bloco B, TAGUATINGA NORTE, TAGUATINGA",320.000,3 Quartos,,80 m²,,https://www.dfimoveis.com.br/imovel/apartamento-3-quartos-venda-taguatinga-norte-taguatinga-df-qnl-3-bloco-b-1402178,
"CNB 5, TAGUATINGA NORTE, TAGUATINGA",320.000,3 Quartos,,80 m²,1 Vaga,https://www.dfimoveis.com.br/imovel/apartamento-3-quartos-venda-taguatinga-norte-taguatinga-df-cnb-5-1355024,
"CSB 3, TAGUATINGA SUL, TAGUATINGA",440.000,3 Quartos,,102 m²,1 Vaga,https://www.dfimoveis.com.br/imovel/apartamento-3-quartos-venda-taguatinga-sul-taguatinga-df-csb-3-1410512,
"CNC 2, TAGUATINGA NORTE, TAGUATINGA",340.000,3 Quartos,1 Suíte,155 m²,,https://www.dfimoveis.com.br/imovel/apartamento-3-quartos-venda-taguatinga-norte-taguatinga-df-cnc-2-1380917,
"QI 24, SETOR INDUSTRIAL, TAGUATINGA",320.000,2 Quartos,1 Suíte,55 m²,1 Vaga,https://www.dfimoveis.com.br/imovel/apartamento-2-quartos-venda-setor-industrial-taguatinga-df-qi-24-1407745,
"Quadra C 7, TAGUATINGA CENTRO, TAGUATINGA",359.000,3 Quartos,1 Suíte,89 m²,,https://www.dfimoveis.com.br/imovel/apartamento-3-quartos-venda-taguatinga-centro-taguatinga-df-quadra-c-7-1416482,
"CSB 5, TAGUATINGA SUL, TAGUATINGA",640.000,4 Quartos,1 Suíte,176 m²,2 Vagas,https://www.dfimoveis.com.br/imovel/apartamento-4-quartos-venda-taguatinga-sul-taguatinga-df-csb-5-1213563,
"SAGOCA, TAGUATINGA NORTE, TAGUATINGA",268.000,2 Quartos,,48 m²,1 Vaga,https://www.dfimoveis.com.br/imovel/apartamento-2-quartos-venda-taguatinga-norte-taguatinga-df-sagoca-1408923,
"QI 3, SETOR INDUSTRIAL, TAGUATINGA",490.000,3 Quartos,1 Suíte,70 m²,1 Vaga,https://www.dfimoveis.com.br/imovel/apartamento-3-quartos-venda-setor-industrial-taguatinga-df-qi-3-1329135,
"Rodovia DF 240, Km 86 Chácara 45, TAGUATINGA NORTE, TAGUATINGA",365.000,2 Quartos,1 Suíte,75 m²,1 Vaga,https://www.dfimoveis.com.br/imovel/apartamento-2-quartos-venda-taguatinga-norte-taguatinga-df-rodovia-df-240-km-86---chacara-45-1328758,
"CNB 8, TAGUATINGA NORTE, TAGUATINGA",338.000,3 Quartos,,59 m²,1 Vaga,https://www.dfimoveis.com.br/imovel/apartamento-3-quartos-venda-taguatinga-norte-taguatinga-df-cnb-8-1410533,
"Setor SAGOCA Lote 2 Residencial Esplanada, TAGUATINGA NORTE, TAGUATINGA",379.000,3 Quartos,1 Suíte,63 m²,1 Vaga,https://www.dfimoveis.com.br/imovel/apartamento-3-quartos-venda-taguatinga-norte-taguatinga-df-setor-sagoca-lote-2---residencial-esplanada-1239041,
"QSC 19 Chacará 25 Conjunto A1, TAGUATINGA SUL, TAGUATINGA",2.890.000,12 Quartos,1 Suíte,1600 m²,8 Vagas,https://www.dfimoveis.com.br/imovel/apartamento-4-quartos-venda-taguatinga-sul-taguatinga-df-qsc-19-chacara-25-conjunto-a1-1088874,
"CNB 8, TAGUATINGA NORTE, TAGUATINGA",570.000,3 Quartos,2 Suítes,147 m²,1 Vaga,https://www.dfimoveis.com.br/imovel/apartamento-3-quartos-venda-taguatinga-norte-taguatinga-df-cnb-8-1201223,
"QI 24 LoteS 14 A 27, SETOR INDUSTRIAL, TAGUATINGA",320.000,2 Quartos,1 Suíte,52 m²,1 Vaga,https://www.dfimoveis.com.br/imovel/apartamento-2-quartos-venda-setor-industrial-taguatinga-df-qi-24-lotes-14-a-27-1354091,
"CSB 3, TAGUATINGA SUL, TAGUATINGA",440.000,3 Quartos,,88 m²,1 Vaga,https://www.dfimoveis.com.br/imovel/apartamento-3-quartos-venda-taguatinga-sul-taguatinga-df-csb-3-1213543,
"CSG 3, TAGUATINGA SUL, TAGUATINGA",350.000,1 Quarto,,44 m²,1 Vaga,https://www.dfimoveis.com.br/imovel/apartamento-1-quarto-venda-taguatinga-sul-taguatinga-df-csg-3-1141189,
"QSE 7, TAGUATINGA SUL, TAGUATINGA",240.000,3 Quartos,,70 m²,,https://www.dfimoveis.com.br/imovel/apartamento-3-quartos-venda-taguatinga-sul-taguatinga-df-qse-7-1419909,
"QI 24, SETOR INDUSTRIAL, TAGUATINGA",479.900,3 Quartos,1 Suíte,63 m²,1 Vaga,https://www.dfimoveis.com.br/imovel/apartamento-3-quartos-venda-setor-industrial-taguatinga-df-qi-24-1360737,
"CSB 10, TAGUATINGA SUL, TAGUATINGA",550.000,3 Quartos,1 Suíte,68 m²,1 Vaga,https://www.dfimoveis.com.br/imovel/apartamento-3-quartos-venda-taguatinga-sul-taguatinga-df-csb-10-1257450,
"C 10 Lote 02/03, TAGUATINGA CENTRO, TAGUATINGA",278.000,3 Quartos,,62 m²,,https://www.dfimoveis.com.br/imovel/apartamento-3-quartos-venda-taguatinga-centro-taguatinga-df-c-10-lote-02-03-1235716,
"Quadra C 3, TAGUATINGA CENTRO, TAGUATINGA",268.000,2 Quartos,,54 m²,1 Vaga,https://www.dfimoveis.com.br/imovel/apartamento-2-quartos-venda-taguatinga-centro-taguatinga-df-quadra-c-3-1354246,
"CNB 14, TAGUATINGA NORTE, TAGUATINGA",254.000,2 Quartos,,60 m²,,https://www.dfimoveis.com.br/imovel/apartamento-2-quartos-venda-taguatinga-norte-taguatinga-df-cnb-14-1372349,
"QI 19, SETOR INDUSTRIAL, TAGUATINGA",699.990,3 Quartos,3 Suítes,84 m²,2 Vagas,https://www.dfimoveis.com.br/imovel/apartamento-3-quartos-venda-setor-industrial-taguatinga-df-qi-19-1317660,
"Quadra C 11, TAGUATINGA CENTRO, TAGUATINGA",350.000,2 Quartos,1 Suíte,62 m²,1 Vaga,https://www.dfimoveis.com.br/imovel/apartamento-2-quartos-venda-taguatinga-centro-taguatinga-df-quadra-c-11-1328293,
"CNB 13, TAGUATINGA NORTE, TAGUATINGA",309.000,2 Quartos,,63 m²,1 Vaga,https://www.dfimoveis.com.br/imovel/apartamento-2-quartos-venda-taguatinga-norte-taguatinga-df-cnb-13-1352631,
"Setor SAGOCA Lote 2 Residencial Esplanada, TAGUATINGA NORTE, TAGUATINGA",350.000,2 Quartos,,48 m²,1 Vaga,https://www.dfimoveis.com.br/imovel/apartamento-2-quartos-venda-taguatinga-norte-taguatinga-df-setor-sagoca-lote-2---residencial-esplanada-1214942,
"CNB 7, TAGUATINGA NORTE, TAGUATINGA",250.000,1 Quarto,,49 m²,,https://www.dfimoveis.com.br/imovel/apartamento-1-quarto-venda-taguatinga-norte-taguatinga-df-cnb-7-1374984,
"CNB 6, TAGUATINGA NORTE, TAGUATINGA",504.000,2 Quartos,1 Suíte,59 m²,,https://www.dfimoveis.com.br/imovel/apartamento-2-quartos-venda-taguatinga-norte-taguatinga-df-cnb-6-1061334,
"CSA 1, TAGUATINGA SUL, TAGUATINGA",200.000,2 Quartos,,63 m²,,https://www.dfimoveis.com.br/imovel/apartamento-2-quartos-venda-taguatinga-sul-taguatinga-df-csa-1-1318985,
"QNB 5, TAGUATINGA NORTE, TAGUATINGA",315.000,1 Quarto,1 Suíte,55 m²,1 Vaga,https://www.dfimoveis.com.br/imovel/apartamento-1-quarto-venda-taguatinga-norte-taguatinga-df-qnb-5-1180121,
"CSB 8, TAGUATINGA SUL, TAGUATINGA",320.000,2 Quartos,,58 m²,,https://www.dfimoveis.com.br/imovel/apartamento-2-quartos-venda-taguatinga-sul-taguatinga-df-csb-8-1161307,
"QNC 1, TAGUATINGA NORTE, TAGUATINGA",420.000,2 Quartos,1 Suíte,59 m²,1 Vaga,https://www.dfimoveis.com.br/imovel/apartamento-2-quartos-venda-taguatinga-norte-taguatinga-df-qnc-1-1414827,
"SAGOCA, TAGUATINGA NORTE, TAGUATINGA",430.000,3 Quartos,1 Suíte,65 m²,1 Vaga,https://www.dfimoveis.com.br/imovel/apartamento-3-quartos-venda-taguatinga-norte-taguatinga-df-sagoca-1330202,
"CSB 06 Blocos A AO D LoteS 1/2, TAGUATINGA SUL, TAGUATINGA",480.000,3 Quartos,1 Suíte,88 m²,1 Vaga,https://www.dfimoveis.com.br/imovel/apartamento-3-quartos-venda-taguatinga-sul-taguatinga-df-csb-06-blocos-a-ao-d-lotes-1-2-1411287,
"SAGOCA, TAGUATINGA NORTE, TAGUATINGA",368.000,3 Quartos,1 Suíte,62 m²,1 Vaga,https://www.dfimoveis.com.br/imovel/apartamento-3-quartos-venda-taguatinga-norte-taguatinga-df-sagoca-1336901,
"SETOR HOTELEIRO, TAGUATINGA CENTRO, TAGUATINGA",185.000,1 Quarto,,33 m²,1 Vaga,https://www.dfimoveis.com.br/imovel/apartamento-1-quarto-venda-taguatinga-centro-taguatinga-df-setor-hoteleiro-1407747,
"CSG 3, TAGUATINGA SUL, TAGUATINGA",415.000,1 Quarto,,46 m²,2 Vagas,https://www.dfimoveis.com.br/imovel/apartamento-1-quarto-venda-taguatinga-sul-taguatinga-df-csg-3-1323794,
"QSF 1 Área Especial 6/7/8, TAGUATINGA SUL, TAGUATINGA",550.000,2 Quartos,1 Suíte,60 m²,1 Vaga,https://www.dfimoveis.com.br/imovel/apartamento-2-quartos-venda-taguatinga-sul-taguatinga-df-qsf-1-area-especial-6-7-8-1373389,
"CSB 10, TAGUATINGA SUL, TAGUATINGA",548.000,3 Quartos,1 Suíte,70 m²,2 Vagas,https://www.dfimoveis.com.br/imovel/apartamento-3-quartos-venda-taguatinga-sul-taguatinga-df-csb-10-1160852,
"QI 12, SETOR INDUSTRIAL, TAGUATINGA",545.000,3 Quartos,1 Suíte,67 m²,1 Vaga,https://www.dfimoveis.com.br/imovel/apartamento-3-quartos-venda-setor-industrial-taguatinga-df-qi-12-1413469,
"QI 12, SETOR INDUSTRIAL, TAGUATINGA",300.000,2 Quartos,1 Suíte,45 m²,1 Vaga,https://www.dfimoveis.com.br/imovel/apartamento-2-quartos-venda-setor-industrial-taguatinga-df-qi-12-1368055,
"CSB 10, TAGUATINGA SUL, TAGUATINGA",750.000,3 Quartos,1 Suíte,94 m²,1 Vaga,https://www.dfimoveis.com.br/imovel/apartamento-3-quartos-venda-taguatinga-sul-taguatinga-df-csb-10-1367369,
"SAGOCA, TAGUATINGA NORTE, TAGUATINGA",370.000,3 Quartos,1 Suíte,63 m²,1 Vaga,https://www.dfimoveis.com.br/imovel/apartamento-3-quartos-venda-taguatinga-norte-taguatinga-df-sagoca-1321420,
"QNL 8 Bloco D, TAGUATINGA NORTE, TAGUATINGA",275.000,2 Quartos,,63 m²,,https://www.dfimoveis.com.br/imovel/apartamento-2-quartos-venda-taguatinga-norte-taguatinga-df-qnl-8-bloco-d-1413565,
"CSG 3, TAGUATINGA SUL, TAGUATINGA",319.000,1 Quarto,1 Suíte,37 m²,1 Vaga,https://www.dfimoveis.com.br/imovel/apartamento-1-quarto-venda-taguatinga-sul-taguatinga-df-csg-3-1401895,
"CNB 12, TAGUATINGA NORTE, TAGUATINGA",385.000,2 Quartos,1 Suíte,49 m²,1 Vaga,https://www.dfimoveis.com.br/imovel/apartamento-2-quartos-venda-taguatinga-norte-taguatinga-df-cnb-12-1397505,
"SAGOCA, TAGUATINGA NORTE, TAGUATINGA",350.000,2 Quartos,1 Suíte,50 m²,1 Vaga,https://www.dfimoveis.com.br/imovel/apartamento-2-quartos-venda-taguatinga-norte-taguatinga-df-sagoca-1419922,
"EQNL 13/15, TAGUATINGA NORTE, TAGUATINGA",98.000,1 Quarto,,39 m²,,https://www.dfimoveis.com.br/imovel/kitnet-1-quarto-venda-taguatinga-norte-taguatinga-df-eqnl-13-15-1345973,
"QI 3, SETOR INDUSTRIAL, TAGUATINGA",840.000,3 Quartos,2 Suítes,140 m²,1 Vaga,https://www.dfimoveis.com.br/imovel/apartamento-3-quartos-venda-setor-industrial-taguatinga-df-qi-3-1194155,
"QND 25, TAGUATINGA NORTE, TAGUATINGA",415.000,3 Quartos,,106 m²,2 Vagas,https://www.dfimoveis.com.br/imovel/apartamento-3-quartos-venda-taguatinga-norte-taguatinga-df-qnd-25-1401830,
"QI 24 LoteS 1 A 13, SETOR INDUSTRIAL, TAGUATINGA",310.000,2 Quartos,,49 m²,1 Vaga,https://www.dfimoveis.com.br/imovel/apartamento-2-quartos-venda-setor-industrial-taguatinga-df-qi-24-lotes-1-a-13-962757,
"Setor SAGOCA Lote 2 Residencial JK, TAGUATINGA NORTE, TAGUATINGA",390.000,3 Quartos,1 Suíte,62 m²,1 Vaga,https://www.dfimoveis.com.br/imovel/apartamento-3-quartos-venda-taguatinga-norte-taguatinga-df-setor-sagoca-lote-2---residencial-jk-1420818,
"QNL 1 Conjunto C, TAGUATINGA NORTE, TAGUATINGA",337.000,3 Quartos,,76 m²,1 Vaga,https://www.dfimoveis.com.br/imovel/apartamento-3-quartos-venda-taguatinga-norte-taguatinga-df-qnl-1-conjunto-c-1280467,
"CSG 3, TAGUATINGA SUL, TAGUATINGA",315.000,1 Quarto,,36 m²,,https://www.dfimoveis.com.br/imovel/apartamento-1-quarto-venda-taguatinga-sul-taguatinga-df-csg-3-1375600,
"CNB 10, TAGUATINGA NORTE, TAGUATINGA",799.000,3 Quartos,2 Suítes,114 m²,2 Vagas,https://www.dfimoveis.com.br/imovel/apartamento-3-quartos-venda-taguatinga-norte-taguatinga-df-cnb-10-1413432,
"CNB 3, TAGUATINGA NORTE, TAGUATINGA",510.000,3 Quartos,2 Suítes,81 m²,1 Vaga,https://www.dfimoveis.com.br/imovel/apartamento-3-quartos-venda-taguatinga-norte-taguatinga-df-cnb-3-1376710,
"QI 24 LoteS 1 A 13, SETOR INDUSTRIAL, TAGUATINGA",720.000,3 Quartos,,110 m²,2 Vagas,https://www.dfimoveis.com.br/imovel/apartamento-3-quartos-venda-setor-industrial-taguatinga-df-qi-24-lotes-1-a-13-1094269,
"QNH 11, TAGUATINGA NORTE, TAGUATINGA",300.000,2 Quartos,,50 m²,1 Vaga,https://www.dfimoveis.com.br/imovel/apartamento-2-quartos-venda-taguatinga-norte-taguatinga-df-qnh-11-1126891,
"QI 24, SETOR INDUSTRIAL, TAGUATINGA",396.990,2 Quartos,,50 m²,1 Vaga,https://www.dfimoveis.com.br/imovel/apartamento-2-quartos-venda-setor-industrial-taguatinga-df-qi-24-1414033,
"CSB 02 Lote 06, TAGUATINGA SUL, TAGUATINGA",395.000,2 Quartos,,47 m²,1 Vaga,https://www.dfimoveis.com.br/imovel/apartamento-2-quartos-venda-taguatinga-sul-taguatinga-df-csb-02-lote-06-1350305,
"CNB 12, TAGUATINGA NORTE, TAGUATINGA",340.000,2 Quartos,1 Suíte,48 m²,1 Vaga,https://www.dfimoveis.com.br/imovel/apartamento-2-quartos-venda-taguatinga-norte-taguatinga-df-cnb-12-1293790,
"C 02 Lote 19, TAGUATINGA CENTRO, TAGUATINGA",269.990,2 Quartos,,62 m²,,https://www.dfimoveis.com.br/imovel/apartamento-2-quartos-venda-taguatinga-centro-taguatinga-df-c-02-lote-19-1357851,"APARTAMENTO À VENDA COM 2 QUARTOS NO EDIFÍCIO THEODORA - C 2 - TAGUPARTAMENTO DESOCUPADO, 2 QUARTOS"
"QI 3, SETOR INDUSTRIAL, TAGUATINGA",450.000,3 Quartos,1 Suíte,65 m²,1 Vaga,https://www.dfimoveis.com.br/imovel/apartamento-3-quartos-venda-setor-industrial-taguatinga-df-qi-3-1373024,"65M², REFORMADO, 3 QUARTOS, SUÍTE, VARANDA, VISTA LIVRE, ARMÁRIOS - R$ 450.000 - FINANCIA"
"Quadra C 1, TAGUATINGA CENTRO, TAGUATINGA",390.000,2 Quartos,1 Suíte,49 m²,1 Vaga,https://www.dfimoveis.com.br/imovel/apartamento-2-quartos-venda-taguatinga-centro-taguatinga-df-quadra-c-1-1177014,QUADRA C1 | APARTAMENTO COM 2 QUARTOS - SENDO 1 SUÍTE - 1 VAGA - ÁREA DE LAZER - ACEITA FINANCIAMENT
"CSB 6, TAGUATINGA SUL, TAGUATINGA",260.000,2 Quartos,,65 m²,,https://www.dfimoveis.com.br/imovel/apartamento-2-quartos-venda-taguatinga-sul-taguatinga-df-csb-6-1268616,"CSB 6, ED. PEDRO GONTIJO, APTO DE 65M², 2 QUARTOS - R$: 260.000 - ACEITA FINANCIAMENTO"
"QNL 3 Bloco B, TAGUATINGA NORTE, TAGUATINGA",315.000,3 Quartos,,69 m²,1 Vaga,https://www.dfimoveis.com.br/imovel/apartamento-3-quartos-venda-taguatinga-norte-taguatinga-df-qnl-3-bloco-b-1400705,QNL 03 | ÓTIMO APARTAMENTO REFROMADO - NASCENTE - 3 QUARTOS | TAGUATINGA
"St Area Especiais Setor C Norte, TAGUATINGA NORTE, TAGUATINGA",299.000,2 Quartos,1 Suíte,50 m²,1 Vaga,https://www.dfimoveis.com.br/imovel/apartamento-2-quartos-venda-taguatinga-norte-taguatinga-df-st-area-especiais-setor-c-norte-1411953,TAGUATINGA NORTE
"CNB 6, TAGUATINGA NORTE, TAGUATINGA",465.000,2 Quartos,2 Suítes,60 m²,1 Vaga,https://www.dfimoveis.com.br/imovel/apartamento-2-quartos-venda-taguatinga-norte-taguatinga-df-cnb-6-1241918,"APARTAMENTO 2 QUARTOS, 2 SUÍTES, VISTA LIVRE, VAGA DE GARAGEM COBERTA À VENDA NO LÊ QUARTIER BOULEVA"
"CND 2, TAGUATINGA NORTE, TAGUATINGA",260.000,3 Quartos,,64 m²,,https://www.dfimoveis.com.br/imovel/apartamento-3-quartos-venda-taguatinga-norte-taguatinga-df-cnd-2-1169679,"APARTAMENTO 3 QUARTOS, VAZADO, VISTA LIVRE À VENDA NA CND 2 - TAGUATINGA"
"Quadra C 4, TAGUATINGA CENTRO, TAGUATINGA",220.000,2 Quartos,,63 m²,,https://www.dfimoveis.com.br/imovel/apartamento-2-quartos-venda-taguatinga-centro-taguatinga-df-quadra-c-4-1250640,C4 EDIFÍCIO SANTA ISABEL | APARTAMENTO DE 2 QUARTOS 1 BANHEIRO - ACEITA FINANCIAMENTO - TAGUATINGA
"CSB 10, TAGUATINGA SUL, TAGUATINGA",540.000,3 Quartos,1 Suíte,69 m²,1 Vaga,https://www.dfimoveis.com.br/imovel/apartamento-3-quartos-venda-taguatinga-sul-taguatinga-df-csb-10-1406092,
"CNB 5, TAGUATINGA NORTE, TAGUATINGA",320.000,2 Quartos,,66 m²,1 Vaga,https://www.dfimoveis.com.br/imovel/apartamento-2-quartos-venda-taguatinga-norte-taguatinga-df-cnb-5-1162081,EDIFÍCIO HALLEY - APARTAMENTO COM 2 QUARTOS À VENDA - TAGUATINGA NORTE
"CSB 10, TAGUATINGA SUL, TAGUATINGA",680.000,3 Quartos,1 Suíte,93 m²,1 Vaga,https://www.dfimoveis.com.br/imovel/apartamento-3-quartos-venda-taguatinga-sul-taguatinga-df-csb-10-1283887,
"CSG 3, TAGUATINGA SUL, TAGUATINGA",950.000,2 Quartos,,100 m²,2 Vagas,https://www.dfimoveis.com.br/imovel/apartamento-2-quartos-venda-taguatinga-sul-taguatinga-df-csg-3-1373409,COBERTURA TAGUALIFE - 2 QUARTOS - VISTA LIVRE - TAGUATINGA SUL
"QI 24, SETOR INDUSTRIAL, TAGUATINGA",370.000,2 Quartos,1 Suíte,52 m²,1 Vaga,https://www.dfimoveis.com.br/imovel/apartamento-2-quartos-venda-setor-industrial-taguatinga-df-qi-24-1410526,APARTAMENTO 2 QUARTOS - TOP LIFE LONG BEACH - COM SUÍTE - TAGUATINGA
"C 05 Lote 06, TAGUATINGA CENTRO, TAGUATINGA",320.000,3 Quartos,,70 m²,,https://www.dfimoveis.com.br/imovel/apartamento-3-quartos-venda-taguatinga-centro-taguatinga-df-c-05-lote-06-1238612,C5 | ED PLAZA - 3 QUARTOS - TAGUATINGA
"QI 24, SETOR INDUSTRIAL, TAGUATINGA",345.000,2 Quartos,1 Suíte,56 m²,1 Vaga,https://www.dfimoveis.com.br/imovel/apartamento-2-quartos-venda-setor-industrial-taguatinga-df-qi-24-1157134,VISTA LIVRE
"QNL 13 Bloco C, TAGUATINGA NORTE, TAGUATINGA",289.000,3 Quartos,,84 m²,1 Vaga,https://www.dfimoveis.com.br/imovel/apartamento-3-quartos-venda-taguatinga-norte-taguatinga-df-qnl-13-bloco-c-1419926,
"CNB 6, TAGUATINGA NORTE, TAGUATINGA",495.000,2 Quartos,1 Suíte,61 m²,2 Vagas,https://www.dfimoveis.com.br/imovel/apartamento-2-quartos-venda-taguatinga-norte-taguatinga-df-cnb-6-1381071,"NOVO E MODERNO, LAZER COMPLETO, 2Q 61M2, 2 VAGAS, 495 MIL"
"CSB 10, TAGUATINGA SUL, TAGUATINGA",630.000,4 Quartos,2 Suítes,89 m²,1 Vaga,https://www.dfimoveis.com.br/imovel/apartamento-4-quartos-venda-taguatinga-sul-taguatinga-df-csb-10-1404813,
"EQSD 1/13, TAGUATINGA SUL, TAGUATINGA",700.000,3 Quartos,2 Suítes,94 m²,,https://www.dfimoveis.com.br/imovel/apartamento-3-quartos-venda-taguatinga-sul-taguatinga-df-eqsd-1-13-1306714,RUA DAS PITANGUEIRAS EDIFÍCIO CHAMONIX VILLAGE | APARTAMENTO 3 QUARTOS SENDO 2 SUÍTES COM 1 VAGA DE
"CSG 3, TAGUATINGA SUL, TAGUATINGA",485.000,1 Quarto,1 Suíte,68 m²,2 Vagas,https://www.dfimoveis.com.br/imovel/apartamento-1-quarto-venda-taguatinga-sul-taguatinga-df-csg-3-1419920,
"QI 19, SETOR INDUSTRIAL, TAGUATINGA",700.000,3 Quartos,3 Suítes,84 m²,2 Vagas,https://www.dfimoveis.com.br/imovel/apartamento-3-quartos-venda-setor-industrial-taguatinga-df-qi-19-1357358,
"CNB 05 Lote 03, TAGUATINGA NORTE, TAGUATINGA",320.000,3 Quartos,,78 m²,1 Vaga,https://www.dfimoveis.com.br/imovel/apartamento-3-quartos-venda-taguatinga-norte-taguatinga-df-cnb-05-lote-03-1419929,
"CSG 11, TAGUATINGA SUL, TAGUATINGA",470.000,3 Quartos,1 Suíte,68 m²,1 Vaga,https://www.dfimoveis.com.br/imovel/apartamento-3-quartos-venda-taguatinga-sul-taguatinga-df-csg-11-1346815,SPAZIO BOULEVARD | REFORMADO | VISTA LIVRE | PLANEJADOS | 1 VAGA
"QI 24, SETOR INDUSTRIAL, TAGUATINGA",547.000,2 Quartos,,90 m²,2 Vagas,https://www.dfimoveis.com.br/imovel/apartamento-2-quartos-venda-setor-industrial-taguatinga-df-qi-24-1366481,
"EQSD 1/13, TAGUATINGA SUL, TAGUATINGA",320.000,1 Quarto,1 Suíte,32 m²,1 Vaga,https://www.dfimoveis.com.br/imovel/apartamento-1-quarto-venda-taguatinga-sul-taguatinga-df-eqsd-1-13-1416483,APARTAMENTO À VENDA NA RUA COPAÍBA CONDOMÍNIO ROSELY GONÇALVES | SEMI MOBILADO APARTAMENTO DE 1 QUA
"QI 3, SETOR INDUSTRIAL, TAGUATINGA",399.000,3 Quartos,1 Suíte,64 m²,1 Vaga,https://www.dfimoveis.com.br/imovel/apartamento-3-quartos-venda-setor-industrial-taguatinga-df-qi-3-1382743,DE CANTO COM VENTILAÇÃO CRUZADA
"CSB 5, TAGUATINGA SUL, TAGUATINGA",700.000,3 Quartos,1 Suíte,136 m²,1 Vaga,https://www.dfimoveis.com.br/imovel/apartamento-3-quartos-venda-taguatinga-sul-taguatinga-df-csb-5-1161499,EDIFÍCIO CARMENES - APARTAMENTO COM 3 QUARTOS SENDO 1 SUÍTE - ACEITA FINANCIAMENTO E FGTS
"QI 24, SETOR INDUSTRIAL, TAGUATINGA",590.000,2 Quartos,1 Suíte,103 m²,2 Vagas,https://www.dfimoveis.com.br/imovel/apartamento-2-quartos-venda-setor-industrial-taguatinga-df-qi-24-1163139,
"CSB 6, TAGUATINGA SUL, TAGUATINGA",498.000,3 Quartos,,76 m²,1 Vaga,https://www.dfimoveis.com.br/imovel/apartamento-3-quartos-venda-taguatinga-sul-taguatinga-df-csb-6-1316218,
"QNL 8, TAGUATINGA NORTE, TAGUATINGA",275.000,2 Quartos,1 Suíte,63 m²,1 Vaga,https://www.dfimoveis.com.br/imovel/apartamento-2-quartos-venda-taguatinga-norte-taguatinga-df-qnl-8-1373172,
"CNB 6, TAGUATINGA NORTE, TAGUATINGA",528.000,2 Quartos,2 Suítes,60 m²,2 Vagas,https://www.dfimoveis.com.br/imovel/apartamento-2-quartos-venda-taguatinga-norte-taguatinga-df-cnb-6-1382060,
"QNL 19, TAGUATINGA NORTE, TAGUATINGA",370.000,3 Quartos,,92 m²,2 Vagas,https://www.dfimoveis.com.br/imovel/apartamento-3-quartos-venda-taguatinga-norte-taguatinga-df-qnl-19-1401157,
"QI 24 LoteS 14 A 27, SETOR INDUSTRIAL, TAGUATINGA",397.000,2 Quartos,,50 m²,1 Vaga,https://www.dfimoveis.com.br/imovel/apartamento-2-quartos-venda-setor-industrial-taguatinga-df-qi-24-lotes-14-a-27-1411205,
"CSA 03 Lote 16, TAGUATINGA SUL, TAGUATINGA",344.999,3 Quartos,,61 m²,1 Vaga,https://www.dfimoveis.com.br/imovel/apartamento-3-quartos-venda-taguatinga-sul-taguatinga-df-csa-03-lote-16-1408848,
"CNB 6, TAGUATINGA NORTE, TAGUATINGA",463.500,2 Quartos,2 Suítes,60 m²,1 Vaga,https://www.dfimoveis.com.br/imovel/apartamento-2-quartos-venda-taguatinga-norte-taguatinga-df-cnb-6-1403349,
"QI 24, SETOR INDUSTRIAL, TAGUATINGA",180.000,2 Quartos,,52 m²,1 Vaga,https://www.dfimoveis.com.br/imovel/apartamento-2-quartos-venda-setor-industrial-taguatinga-df-qi-24-1407635,
"CSB 10, TAGUATINGA SUL, TAGUATINGA",577.000,3 Quartos,1 Suíte,69 m²,1 Vaga,https://www.dfimoveis.com.br/imovel/apartamento-3-quartos-venda-taguatinga-sul-taguatinga-df-csb-10-1292179,
"QNL 1 Bloco B, TAGUATINGA NORTE, TAGUATINGA",265.000,2 Quartos,,74 m²,1 Vaga,https://www.dfimoveis.com.br/imovel/apartamento-2-quartos-venda-taguatinga-norte-taguatinga-df-qnl-1-bloco-b-1412601,
"CSB 8, TAGUATINGA SUL, TAGUATINGA",240.000,2 Quartos,,59 m²,,https://www.dfimoveis.com.br/imovel/apartamento-2-quartos-venda-taguatinga-sul-taguatinga-df-csb-8-1403524,
"QI 24, SETOR INDUSTRIAL, TAGUATINGA",400.000,2 Quartos,1 Suíte,54 m²,1 Vaga,https://www.dfimoveis.com.br/imovel/apartamento-2-quartos-venda-setor-industrial-taguatinga-df-qi-24-1404312,
"QSF 1 Área Especial 6/7/8, TAGUATINGA SUL, TAGUATINGA",470.000,2 Quartos,1 Suíte,59 m²,,https://www.dfimoveis.com.br/imovel/apartamento-2-quartos-venda-taguatinga-sul-taguatinga-df-qsf-1-area-especial-6-7-8-1267891,
"Quadra C 11, TAGUATINGA CENTRO, TAGUATINGA",250.000,1 Quarto,,38 m²,1 Vaga,https://www.dfimoveis.com.br/imovel/apartamento-1-quarto-venda-taguatinga-centro-taguatinga-df-quadra-c-11-1220164,
"CNB 6, TAGUATINGA NORTE, TAGUATINGA",370.000,2 Quartos,,72 m²,1 Vaga,https://www.dfimoveis.com.br/imovel/apartamento-2-quartos-venda-taguatinga-norte-taguatinga-df-cnb-6-1415514,
"QI 24, SETOR INDUSTRIAL, TAGUATINGA",330.000,2 Quartos,,50 m²,1 Vaga,https://www.dfimoveis.com.br/imovel/apartamento-2-quartos-venda-setor-industrial-taguatinga-df-qi-24-1414288,
"QI 24, SETOR INDUSTRIAL, TAGUATINGA",320.000,2 Quartos,1 Suíte,52 m²,1 Vaga,https://www.dfimoveis.com.br/imovel/apartamento-2-quartos-venda-setor-industrial-taguatinga-df-qi-24-1360593,
"QNJ 36, TAGUATINGA NORTE, TAGUATINGA",269.999,2 Quartos,,63 m²,1 Vaga,https://www.dfimoveis.com.br/imovel/apartamento-2-quartos-venda-taguatinga-norte-taguatinga-df-qnj-36-1377708,
"CNB 12 Lote 07, TAGUATINGA NORTE, TAGUATINGA",210.000,1 Quarto,,38 m²,,https://www.dfimoveis.com.br/imovel/apartamento-1-quarto-venda-taguatinga-norte-taguatinga-df-cnb-12-lote-07-1403223,
"QNL 3 Bloco B, TAGUATINGA NORTE, TAGUATINGA",295.000,3 Quartos,,62 m²,1 Vaga,https://www.dfimoveis.com.br/imovel/apartamento-3-quartos-venda-taguatinga-norte-taguatinga-df-qnl-3-bloco-b-1401304,
"CSB 3, TAGUATINGA SUL, TAGUATINGA",380.000,3 Quartos,,102 m²,1 Vaga,https://www.dfimoveis.com.br/imovel/apartamento-3-quartos-venda-taguatinga-sul-taguatinga-df-csb-3-1407883,
"QI 12, SETOR INDUSTRIAL, TAGUATINGA",447.000,2 Quartos,1 Suíte,58 m²,1 Vaga,https://www.dfimoveis.com.br/imovel/apartamento-2-quartos-venda-setor-industrial-taguatinga-df-qi-12-1047339,
"QI 24, SETOR INDUSTRIAL, TAGUATINGA",355.000,2 Quartos,1 Suíte,53 m²,1 Vaga,https://www.dfimoveis.com.br/imovel/apartamento-2-quartos-venda-setor-industrial-taguatinga-df-qi-24-1361386,
"CSB 10, TAGUATINGA SUL, TAGUATINGA",520.000,3 Quartos,1 Suíte,69 m²,1 Vaga,https://www.dfimoveis.com.br/imovel/apartamento-3-quartos-venda-taguatinga-sul-taguatinga-df-csb-10-1341529,
"QSF 1 Área Especial 6/7/8, TAGUATINGA SUL, TAGUATINGA",540.000,2 Quartos,1 Suíte,1 m²,1 Vaga,https://www.dfimoveis.com.br/imovel/apartamento-2-quartos-venda-taguatinga-sul-taguatinga-df-qsf-1-area-especial-6-7-8-1372849,
"CNB 1, TAGUATINGA NORTE, TAGUATINGA",375.000,3 Quartos,,75 m²,1 Vaga,https://www.dfimoveis.com.br/imovel/apartamento-3-quartos-venda-taguatinga-norte-taguatinga-df-cnb-1-713607,
"QSF 1 Área Especial 6/7/8, TAGUATINGA SUL, TAGUATINGA",480.000,2 Quartos,1 Suíte,59 m²,1 Vaga,https://www.dfimoveis.com.br/imovel/apartamento-2-quartos-venda-taguatinga-sul-taguatinga-df-qsf-1-area-especial-6-7-8-1142097,
"QI 24, SETOR INDUSTRIAL, TAGUATINGA",306.000,2 Quartos,1 Suíte,55 m²,1 Vaga,https://www.dfimoveis.com.br/imovel/apartamento-2-quartos-venda-setor-industrial-taguatinga-df-qi-24-1406499,
"CNB 12 Lote 07, TAGUATINGA NORTE, TAGUATINGA",270.000,2 Quartos,,51 m²,1 Vaga,https://www.dfimoveis.com.br/imovel/apartamento-2-quartos-venda-taguatinga-norte-taguatinga-df-cnb-12-lote-07-1415590,
"Setor SAGOCA Lote 4 Residencial Itamaraty, TAGUATINGA NORTE, TAGUATINGA",355.000,3 Quartos,1 Suíte,62 m²,1 Vaga,https://www.dfimoveis.com.br/imovel/apartamento-3-quartos-venda-taguatinga-norte-taguatinga-df-setor-sagoca-lote-4---residencial-itamaraty-1412975,
"EQNM 34/36, TAGUATINGA NORTE, TAGUATINGA",260.000,3 Quartos,,100 m²,,https://www.dfimoveis.com.br/imovel/apartamento-3-quartos-venda-taguatinga-norte-taguatinga-df-eqnm-34-36-1232815,
"QNL 3 Bloco B, TAGUATINGA NORTE, TAGUATINGA",310.000,3 Quartos,,90 m²,1 Vaga,https://www.dfimoveis.com.br/imovel/apartamento-3-quartos-venda-taguatinga-norte-taguatinga-df-qnl-3-bloco-b-1419915,
"QNC 13, TAGUATINGA NORTE, TAGUATINGA",400.000,1 Quarto,,360 m²,3 Vagas,https://www.dfimoveis.com.br/imovel/kitnet-1-quarto-venda-taguatinga-norte-taguatinga-df-qnc-13-1397407,
"QI 24, SETOR INDUSTRIAL, TAGUATINGA",630.000,2 Quartos,1 Suíte,104 m²,2 Vagas,https://www.dfimoveis.com.br/imovel/apartamento-2-quartos-venda-setor-industrial-taguatinga-df-qi-24-726471,
"Quadra C 6, TAGUATINGA CENTRO, TAGUATINGA",370.000,1 Quarto,,40 m²,,https://www.dfimoveis.com.br/imovel/apartamento-1-quarto-venda-taguatinga-centro-taguatinga-df-quadra-c-6-1415605,
"CSB 7, TAGUATINGA SUL, TAGUATINGA",720.000,3 Quartos,1 Suíte,97 m²,1 Vaga,https://www.dfimoveis.com.br/imovel/apartamento-3-quartos-venda-taguatinga-sul-taguatinga-df-csb-7-1287714,
"CNB 8, TAGUATINGA NORTE, TAGUATINGA",345.000,3 Quartos,,59 m²,1 Vaga,https://www.dfimoveis.com.br/imovel/apartamento-3-quartos-venda-taguatinga-norte-taguatinga-df-cnb-8-1347961,
"CNB 10, TAGUATINGA NORTE, TAGUATINGA",895.000,3 Quartos,1 Suíte,115 m²,2 Vagas,https://www.dfimoveis.com.br/imovel/apartamento-3-quartos-venda-taguatinga-norte-taguatinga-df-cnb-10-974679,
"C 07 Lote 08, TAGUATINGA CENTRO, TAGUATINGA",250.000,2 Quartos,,59 m²,,https://www.dfimoveis.com.br/imovel/apartamento-2-quartos-venda-taguatinga-centro-taguatinga-df-c-07-lote-08-1228737,APARTAMENTO 2 QUARTOS PARA C 07 VENDA TAGUATINGA CENTRO BRASÍLIA
"QI 24 LoteS 14 A 27, SETOR INDUSTRIAL, TAGUATINGA",330.000,2 Quartos,,53 m²,1 Vaga,https://www.dfimoveis.com.br/imovel/apartamento-2-quartos-venda-setor-industrial-taguatinga-df-qi-24-lotes-14-a-27-1411578,TOP LIFE LONG BEACH - APARTAMENTO EM...
"QNC 1 Área Especial 19, TAGUATINGA NORTE, TAGUATINGA",429.000,2 Quartos,1 Suíte,59 m²,1 Vaga,https://www.dfimoveis.com.br/imovel/apartamento-2-quartos-venda-taguatinga-norte-taguatinga-df-qnc-1-area-especial-19-1327899,"EXCELENTE LOCALIZAÇÃO, LAZER COMPLETO"
"QI 24, SETOR INDUSTRIAL, TAGUATINGA",160.000,2 Quartos,1 Suíte,54 m²,1 Vaga,https://www.dfimoveis.com.br/imovel/apartamento-2-quartos-venda-setor-industrial-taguatinga-df-qi-24-1414177,PLANEJADOS EM TODOS OS AMBIENTES
"CSB 5, TAGUATINGA SUL, TAGUATINGA",398.000,2 Quartos,,70 m²,1 Vaga,https://www.dfimoveis.com.br/imovel/apartamento-2-quartos-venda-taguatinga-sul-taguatinga-df-csb-5-1275977,APARTAMENTO 02 QUARTOS REFORMADO COM VISTA LIVRE E GARAGEM ÓTIMA LOCALIZAÇÃO
"CSA 1, TAGUATINGA SUL, TAGUATINGA",350.000,1 Quarto,,40 m²,,https://www.dfimoveis.com.br/imovel/apartamento-1-quarto-venda-taguatinga-sul-taguatinga-df-csa-1-1403739,
"QNC 1, TAGUATINGA NORTE, TAGUATINGA",599.000,3 Quartos,1 Suíte,85 m²,1 Vaga,https://www.dfimoveis.com.br/imovel/apartamento-3-quartos-venda-taguatinga-norte-taguatinga-df-qnc-1-1375238,
"Setor SAGOCA Lote 2 Residencial Esplanada, TAGUATINGA NORTE, TAGUATINGA",310.000,2 Quartos,1 Suíte,51 m²,1 Vaga,https://www.dfimoveis.com.br/imovel/apartamento-2-quartos-venda-taguatinga-norte-taguatinga-df-setor-sagoca-lote-2---residencial-esplanada-1347989,"SEMI MOBILIADO, EXCELENTE LOCALIZAÇÃO"
"QSF 1 Área Especial 6/7/8, TAGUATINGA SUL, TAGUATINGA",599.000,2 Quartos,1 Suíte,82 m²,1 Vaga,https://www.dfimoveis.com.br/imovel/apartamento-2-quartos-venda-taguatinga-sul-taguatinga-df-qsf-1-area-especial-6-7-8-1365559,APTO GARDEN
"QNL 13 Conjunto E, TAGUATINGA NORTE, TAGUATINGA",325.000,3 Quartos,1 Suíte,70 m²,2 Vagas,https://www.dfimoveis.com.br/imovel/apartamento-3-quartos-venda-taguatinga-norte-taguatinga-df-qnl-13-conjunto-e-1411272,
"CSG 3, TAGUATINGA SUL, TAGUATINGA",900.000,1 Quarto,1 Suíte,97 m²,,https://www.dfimoveis.com.br/imovel/apartamento-1-quarto-venda-taguatinga-sul-taguatinga-df-csg-3-1090004,
"CNB 5, TAGUATINGA NORTE, TAGUATINGA",335.000,3 Quartos,1 Suíte,71 m²,1 Vaga,https://www.dfimoveis.com.br/imovel/apartamento-3-quartos-venda-taguatinga-norte-taguatinga-df-cnb-5-485924,"APARTAMENTO COM 3 DORMITÓRIOS À VENDA, 71 M² POR R$ 335.000,00 - TAGUATINGA NORTE - TAGUATINGA/DF"
"SAGOCA, TAGUATINGA NORTE, TAGUATINGA",435.000,3 Quartos,1 Suíte,62 m²,1 Vaga,https://www.dfimoveis.com.br/imovel/apartamento-3-quartos-venda-taguatinga-norte-taguatinga-df-sagoca-1416226,
"CNB 3, TAGUATINGA NORTE, TAGUATINGA",530.000,2 Quartos,1 Suíte,63 m²,1 Vaga,https://www.dfimoveis.com.br/imovel/apartamento-2-quartos-venda-taguatinga-norte-taguatinga-df-cnb-3-1238829,
"CSA 03 Lote 19, TAGUATINGA SUL, TAGUATINGA",250.000,2 Quartos,,75 m²,,https://www.dfimoveis.com.br/imovel/apartamento-2-quartos-venda-taguatinga-sul-taguatinga-df-csa-03-lote-19-1099078,"SEGURANÇA 24 HORAS, EXCELENTE LOCALIZAÇÃO E BELÍSSIMA VISTA"
"QNL 3 Bloco B, TAGUATINGA NORTE, TAGUATINGA",320.000,3 Quartos,,62 m²,1 Vaga,https://www.dfimoveis.com.br/imovel/apartamento-3-quartos-venda-taguatinga-norte-taguatinga-df-qnl-3-bloco-b-1399963,EXCELENTE LOCALIZAÇÃO
"QNL 19 Bloco D, TAGUATINGA NORTE, TAGUATINGA",240.000,2 Quartos,,60 m²,1 Vaga,https://www.dfimoveis.com.br/imovel/apartamento-2-quartos-venda-taguatinga-norte-taguatinga-df-qnl-19-bloco-d-1407892,OPORTUNIDADE DE INVESNTIMENTO!
"QI 12, SETOR INDUSTRIAL, TAGUATINGA",539.000,3 Quartos,1 Suíte,65 m²,1 Vaga,https://www.dfimoveis.com.br/imovel/apartamento-3-quartos-venda-setor-industrial-taguatinga-df-qi-12-1350052,
"QI 11, SETOR INDUSTRIAL, TAGUATINGA",389.900,2 Quartos,1 Suíte,56 m²,1 Vaga,https://www.dfimoveis.com.br/imovel/apartamento-2-quartos-venda-setor-industrial-taguatinga-df-qi-11-1319825,IMOVEL COM 2 ANOS DE USO
"QNL 4 Bloco D, TAGUATINGA NORTE, TAGUATINGA",270.000,2 Quartos,,63 m²,,https://www.dfimoveis.com.br/imovel/apartamento-2-quartos-venda-taguatinga-norte-taguatinga-df-qnl-4-bloco-d-1369476,
"QNL 7 Bloco D, TAGUATINGA NORTE, TAGUATINGA",329.000,2 Quartos,,74 m²,2 Vagas,https://www.dfimoveis.com.br/imovel/apartamento-2-quartos-venda-taguatinga-norte-taguatinga-df-qnl-7-bloco-d-1195549,
"CSB 2, TAGUATINGA SUL, TAGUATINGA",269.000,2 Quartos,,72 m²,,https://www.dfimoveis.com.br/imovel/apartamento-2-quartos-venda-taguatinga-sul-taguatinga-df-csb-2-1352632,
"CSB 7, TAGUATINGA SUL, TAGUATINGA",679.000,3 Quartos,1 Suíte,97 m²,1 Vaga,https://www.dfimoveis.com.br/imovel/apartamento-3-quartos-venda-taguatinga-sul-taguatinga-df-csb-7-1128190,
"CSB 10, TAGUATINGA SUL, TAGUATINGA",485.000,2 Quartos,1 Suíte,60 m²,1 Vaga,https://www.dfimoveis.com.br/imovel/apartamento-2-quartos-venda-taguatinga-sul-taguatinga-df-csb-10-1372449,
"Setor SAGOCA Lote 4 Residencial Itamaraty, TAGUATINGA NORTE, TAGUATINGA",395.000,3 Quartos,1 Suíte,62 m²,1 Vaga,https://www.dfimoveis.com.br/imovel/apartamento-3-quartos-venda-taguatinga-norte-taguatinga-df-setor-sagoca-lote-4---residencial-itamaraty-1351634,
"CNB 13, TAGUATINGA NORTE, TAGUATINGA",219.990,2 Quartos,,50 m²,1 Vaga,https://www.dfimoveis.com.br/imovel/apartamento-2-quartos-venda-taguatinga-norte-taguatinga-df-cnb-13-1407117,
"QSE 4, TAGUATINGA SUL, TAGUATINGA",225.000,1 Quarto,,38 m²,,https://www.dfimoveis.com.br/imovel/kitnet-1-quarto-venda-taguatinga-sul-taguatinga-df-qse-4-1385163,
"CNB 4, TAGUATINGA NORTE, TAGUATINGA",320.000,3 Quartos,1 Suíte,63 m²,1 Vaga,https://www.dfimoveis.com.br/imovel/apartamento-3-quartos-venda-taguatinga-norte-taguatinga-df-cnb-4-1273885,
"QI 24, SETOR INDUSTRIAL, TAGUATINGA",550.000,3 Quartos,1 Suíte,65 m²,1 Vaga,https://www.dfimoveis.com.br/imovel/apartamento-3-quartos-venda-setor-industrial-taguatinga-df-qi-24-74480,
"CSA 3, TAGUATINGA SUL, TAGUATINGA",310.000,2 Quartos,,55 m²,1 Vaga,https://www.dfimoveis.com.br/imovel/apartamento-2-quartos-venda-taguatinga-sul-taguatinga-df-csa-3-1296701,
"CNB 10, TAGUATINGA NORTE, TAGUATINGA",860.000,3 Quartos,3 Suítes,113 m²,2 Vagas,https://www.dfimoveis.com.br/imovel/apartamento-3-quartos-venda-taguatinga-norte-taguatinga-df-cnb-10-1176515,
"CNB 05 Lote 12, TAGUATINGA NORTE, TAGUATINGA",310.000,2 Quartos,,64 m²,,https://www.dfimoveis.com.br/imovel/apartamento-2-quartos-venda-taguatinga-norte-taguatinga-df-cnb-05-lote-12-1383056,
"SMT Conjunto 1, TAGUATINGA SUL, TAGUATINGA",199.000,2 Quartos,,70 m²,,https://www.dfimoveis.com.br/imovel/apartamento-2-quartos-venda-taguatinga-sul-taguatinga-df-smt-conjunto-1-1357560,
"CSG 3, TAGUATINGA SUL, TAGUATINGA",365.000,1 Quarto,1 Suíte,50 m²,1 Vaga,https://www.dfimoveis.com.br/imovel/apartamento-1-quarto-venda-taguatinga-sul-taguatinga-df-csg-3-1307536,
"CNB 5, TAGUATINGA NORTE, TAGUATINGA",320.000,2 Quartos,,62 m²,1 Vaga,https://www.dfimoveis.com.br/imovel/apartamento-2-quartos-venda-taguatinga-norte-taguatinga-df-cnb-5-1384296,
"QNL 6, TAGUATINGA NORTE, TAGUATINGA",250.000,2 Quartos,,62 m²,1 Vaga,https://www.dfimoveis.com.br/imovel/apartamento-2-quartos-venda-taguatinga-norte-taguatinga-df-qnl-6-1366159,
"QI 12, SETOR INDUSTRIAL, TAGUATINGA",529.000,3 Quartos,1 Suíte,65 m²,2 Vagas,https://www.dfimoveis.com.br/imovel/apartamento-3-quartos-venda-setor-industrial-taguatinga-df-qi-12-1047338,
"QNL 2, TAGUATINGA NORTE, TAGUATINGA",329.900,3 Quartos,,74 m²,1 Vaga,https://www.dfimoveis.com.br/imovel/apartamento-3-quartos-venda-taguatinga-norte-taguatinga-df-qnl-2-1406141,
"CSD 1, TAGUATINGA SUL, TAGUATINGA",980.000,3 Quartos,,220 m²,,https://www.dfimoveis.com.br/imovel/apartamento-3-quartos-venda-taguatinga-sul-taguatinga-df-csd-1-1294413,
"QI 24, SETOR INDUSTRIAL, TAGUATINGA",490.000,3 Quartos,1 Suíte,68 m²,1 Vaga,https://www.dfimoveis.com.br/imovel/apartamento-3-quartos-venda-setor-industrial-taguatinga-df-qi-24-1357934,
"QI 3, SETOR INDUSTRIAL, TAGUATINGA",459.000,3 Quartos,1 Suíte,64 m²,1 Vaga,https://www.dfimoveis.com.br/imovel/apartamento-3-quartos-venda-setor-industrial-taguatinga-df-qi-3-1404075,
"CSG 3, TAGUATINGA SUL, TAGUATINGA",420.000,1 Quarto,1 Suíte,46 m²,1 Vaga,https://www.dfimoveis.com.br/imovel/apartamento-1-quarto-venda-taguatinga-sul-taguatinga-df-csg-3-1418817,
"CSG 3, TAGUATINGA SUL, TAGUATINGA",399.000,1 Quarto,1 Suíte,51 m²,1 Vaga,https://www.dfimoveis.com.br/imovel/apartamento-1-quarto-venda-taguatinga-sul-taguatinga-df-csg-3-1401889,
"QNL 7 Bloco B, TAGUATINGA NORTE, TAGUATINGA",285.000,3 Quartos,,56 m²,1 Vaga,https://www.dfimoveis.com.br/imovel/apartamento-3-quartos-venda-taguatinga-norte-taguatinga-df-qnl-7-bloco-b-1351478,
"CNB 5, TAGUATINGA NORTE, TAGUATINGA",370.000,3 Quartos,,72 m²,1 Vaga,https://www.dfimoveis.com.br/imovel/apartamento-3-quartos-venda-taguatinga-norte-taguatinga-df-cnb-5-1316217,
"CSA 03 Lote 06, TAGUATINGA SUL, TAGUATINGA",300.000,2 Quartos,,53 m²,,https://www.dfimoveis.com.br/imovel/apartamento-2-quartos-venda-taguatinga-sul-taguatinga-df-csa-03-lote-06-1345367,
"Quadra C 3, TAGUATINGA CENTRO, TAGUATINGA",414.000,2 Quartos,1 Suíte,56 m²,1 Vaga,https://www.dfimoveis.com.br/imovel/apartamento-2-quartos-venda-taguatinga-centro-taguatinga-df-quadra-c-3-1409575,
"QI 12, SETOR INDUSTRIAL, TAGUATINGA",395.000,3 Quartos,1 Suíte,67 m²,1 Vaga,https://www.dfimoveis.com.br/imovel/apartamento-3-quartos-venda-setor-industrial-taguatinga-df-qi-12-1409136,
"CSB 01 Lote 03, TAGUATINGA SUL, TAGUATINGA",1.080.000,4 Quartos,1 Suíte,162 m²,2 Vagas,https://www.dfimoveis.com.br/imovel/apartamento-4-quartos-venda-taguatinga-sul-taguatinga-df-csb-01-lote-03-1359479,
"QNL 9, TAGUATINGA NORTE, TAGUATINGA",270.000,2 Quartos,,60 m²,1 Vaga,https://www.dfimoveis.com.br/imovel/apartamento-2-quartos-venda-taguatinga-norte-taguatinga-df-qnl-9-1328400,
"QNC 1 Área Especial 19, TAGUATINGA NORTE, TAGUATINGA",525.000,3 Quartos,1 Suíte,73 m²,1 Vaga,https://www.dfimoveis.com.br/imovel/apartamento-3-quartos-venda-taguatinga-norte-taguatinga-df-qnc-1-area-especial-19-1403031,
"SAGOCA, TAGUATINGA NORTE, TAGUATINGA",420.000,3 Quartos,1 Suíte,62 m²,1 Vaga,https://www.dfimoveis.com.br/imovel/apartamento-3-quartos-venda-taguatinga-norte-taguatinga-df-sagoca-1407078,
"CNB 14, TAGUATINGA NORTE, TAGUATINGA",495.000,3 Quartos,1 Suíte,70 m²,1 Vaga,https://www.dfimoveis.com.br/imovel/apartamento-3-quartos-venda-taguatinga-norte-taguatinga-df-cnb-14-1411916,
"CNB 13, TAGUATINGA NORTE, TAGUATINGA",300.000,2 Quartos,,60 m²,1 Vaga,https://www.dfimoveis.com.br/imovel/apartamento-2-quartos-venda-taguatinga-norte-taguatinga-df-cnb-13-1366073,
"CSG 3, TAGUATINGA SUL, TAGUATINGA",385.000,1 Quarto,,48 m²,1 Vaga,https://www.dfimoveis.com.br/imovel/apartamento-1-quarto-venda-taguatinga-sul-taguatinga-df-csg-3-1377613,
"QI 24 LoteS 1 A 13, SETOR INDUSTRIAL, TAGUATINGA",630.000,2 Quartos,1 Suíte,155 m²,2 Vagas,https://www.dfimoveis.com.br/imovel/apartamento-2-quartos-venda-setor-industrial-taguatinga-df-qi-24-lotes-1-a-13-1230908,
"Setor SAGOCA Lote 4 Residencial Itamaraty, TAGUATINGA NORTE, TAGUATINGA",335.000,2 Quartos,1 Suíte,89 m²,1 Vaga,https://www.dfimoveis.com.br/imovel/apartamento-2-quartos-venda-taguatinga-norte-taguatinga-df-setor-sagoca-lote-4---residencial-itamaraty-1371630,
"QI 24, SETOR INDUSTRIAL, TAGUATINGA",365.000,2 Quartos,1 Suíte,52 m²,1 Vaga,https://www.dfimoveis.com.br/imovel/apartamento-2-quartos-venda-setor-industrial-taguatinga-df-qi-24-1374148,
"CSB 1, TAGUATINGA SUL, TAGUATINGA",1.100.000,4 Quartos,1 Suíte,167 m²,2 Vagas,https://www.dfimoveis.com.br/imovel/apartamento-4-quartos-venda-taguatinga-sul-taguatinga-df-csb-1-1247420,
"CSB 5, TAGUATINGA SUL, TAGUATINGA",398.000,2 Quartos,,62 m²,1 Vaga,https://www.dfimoveis.com.br/imovel/apartamento-2-quartos-venda-taguatinga-sul-taguatinga-df-csb-5-1286731,
"QI 3, SETOR INDUSTRIAL, TAGUATINGA",450.000,3 Quartos,1 Suíte,67 m²,1 Vaga,https://www.dfimoveis.com.br/imovel/apartamento-3-quartos-venda-setor-industrial-taguatinga-df-qi-3-1419587,
"Quadra C 7, TAGUATINGA CENTRO, TAGUATINGA",260.000,2 Quartos,1 Suíte,70 m²,,https://www.dfimoveis.com.br/imovel/apartamento-2-quartos-venda-taguatinga-centro-taguatinga-df-quadra-c-7-1405468,
"CSB 10, TAGUATINGA SUL, TAGUATINGA",490.000,2 Quartos,1 Suíte,68 m²,1 Vaga,https://www.dfimoveis.com.br/imovel/apartamento-2-quartos-venda-taguatinga-sul-taguatinga-df-csb-10-1374854,
"Quadra C 4, TAGUATINGA CENTRO, TAGUATINGA",190.000,2 Quartos,,47 m²,,https://www.dfimoveis.com.br/imovel/apartamento-2-quartos-venda-taguatinga-centro-taguatinga-df-quadra-c-4-1326835,
"QI 24 LoteS 14 A 27, SETOR INDUSTRIAL, TAGUATINGA",314.999,2 Quartos,,52 m²,1 Vaga,https://www.dfimoveis.com.br/imovel/apartamento-2-quartos-venda-setor-industrial-taguatinga-df-qi-24-lotes-14-a-27-1419885,
"CSG 3, TAGUATINGA SUL, TAGUATINGA",320.000,1 Quarto,,57 m²,1 Vaga,https://www.dfimoveis.com.br/imovel/apartamento-1-quarto-venda-taguatinga-sul-taguatinga-df-csg-3-1337284,
"QNL 8 Bloco D, TAGUATINGA NORTE, TAGUATINGA",270.000,2 Quartos,,63 m²,1 Vaga,https://www.dfimoveis.com.br/imovel/apartamento-2-quartos-venda-taguatinga-norte-taguatinga-df-qnl-8-bloco-d-1360803,
"CNB 10, TAGUATINGA NORTE, TAGUATINGA",588.999,3 Quartos,1 Suíte,83 m²,1 Vaga,https://www.dfimoveis.com.br/imovel/apartamento-3-quartos-venda-taguatinga-norte-taguatinga-df-cnb-10-1370634,
"CNB 6, TAGUATINGA NORTE, TAGUATINGA",495.828,2 Quartos,1 Suíte,59 m²,1 Vaga,https://www.dfimoveis.com.br/imovel/apartamento-2-quartos-venda-taguatinga-norte-taguatinga-df-cnb-6-1373664,
"CSG 13, TAGUATINGA SUL, TAGUATINGA",199.000,1 Quarto,1 Suíte,35 m²,1 Vaga,https://www.dfimoveis.com.br/imovel/apartamento-1-quarto-venda-taguatinga-sul-taguatinga-df-csg-13-996420,
"Quadra C 12, TAGUATINGA CENTRO, TAGUATINGA",250.000,2 Quartos,,65 m²,,https://www.dfimoveis.com.br/imovel/apartamento-2-quartos-venda-taguatinga-centro-taguatinga-df-quadra-c-12-1401638,
"CNB 10, TAGUATINGA NORTE, TAGUATINGA",290.000,2 Quartos,,53 m²,1 Vaga,https://www.dfimoveis.com.br/imovel/apartamento-2-quartos-venda-taguatinga-norte-taguatinga-df-cnb-10-1365264,
"CNB 5, TAGUATINGA NORTE, TAGUATINGA",370.000,2 Quartos,,62 m²,1 Vaga,https://www.dfimoveis.com.br/imovel/apartamento-2-quartos-venda-taguatinga-norte-taguatinga-df-cnb-5-1343261,
"QI 3, SETOR INDUSTRIAL, TAGUATINGA",260.000,2 Quartos,1 Suíte,57 m²,1 Vaga,https://www.dfimoveis.com.br/imovel/apartamento-2-quartos-venda-setor-industrial-taguatinga-df-qi-3-1317671,
"Quadra C 2, TAGUATINGA CENTRO, TAGUATINGA",290.000,2 Quartos,,62 m²,,https://www.dfimoveis.com.br/imovel/apartamento-2-quartos-venda-taguatinga-centro-taguatinga-df-quadra-c-2-1368780,
"Quadra C 7, TAGUATINGA CENTRO, TAGUATINGA",324.000,3 Quartos,1 Suíte,70 m²,1 Vaga,https://www.dfimoveis.com.br/imovel/apartamento-3-quartos-venda-taguatinga-centro-taguatinga-df-quadra-c-7-1318417,
"CNB 14 Lote 03, TAGUATINGA NORTE, TAGUATINGA",280.000,3 Quartos,,57 m²,1 Vaga,https://www.dfimoveis.com.br/imovel/apartamento-3-quartos-venda-taguatinga-norte-taguatinga-df-cnb-14-lote-03-1401613,
"QNB 5, TAGUATINGA NORTE, TAGUATINGA",435.000,3 Quartos,1 Suíte,93 m²,1 Vaga,https://www.dfimoveis.com.br/imovel/apartamento-3-quartos-venda-taguatinga-norte-taguatinga-df-qnb-5-1413186,
"CSB 3, TAGUATINGA SUL, TAGUATINGA",490.000,2 Quartos,1 Suíte,58 m²,1 Vaga,https://www.dfimoveis.com.br/imovel/apartamento-2-quartos-venda-taguatinga-sul-taguatinga-df-csb-3-1354255,
"QI 3, SETOR INDUSTRIAL, TAGUATINGA",349.000,2 Quartos,1 Suíte,59 m²,1 Vaga,https://www.dfimoveis.com.br/imovel/apartamento-2-quartos-venda-setor-industrial-taguatinga-df-qi-3-1410300,
"CNB 13 Lote 05, TAGUATINGA NORTE, TAGUATINGA",290.000,2 Quartos,,60 m²,1 Vaga,https://www.dfimoveis.com.br/imovel/apartamento-2-quartos-venda-taguatinga-norte-taguatinga-df-cnb-13-lote-05-1417264,
"QI 3, SETOR INDUSTRIAL, TAGUATINGA",310.000,2 Quartos,1 Suíte,58 m²,,https://www.dfimoveis.com.br/imovel/apartamento-2-quartos-venda-setor-industrial-taguatinga-df-qi-3-1317170,
"CSA 2, TAGUATINGA SUL, TAGUATINGA",820.000,5 Quartos,1 Suíte,146 m²,2 Vagas,https://www.dfimoveis.com.br/imovel/apartamento-4-quartos-venda-taguatinga-sul-taguatinga-df-csa-2-1131152,
"CSB 10, TAGUATINGA SUL, TAGUATINGA",850.000,4 Quartos,1 Suíte,92 m²,1 Vaga,https://www.dfimoveis.com.br/imovel/apartamento-4-quartos-venda-taguatinga-sul-taguatinga-df-csb-10-782633,
"QI 24, SETOR INDUSTRIAL, TAGUATINGA",314.900,2 Quartos,,55 m²,1 Vaga,https://www.dfimoveis.com.br/imovel/apartamento-2-quartos-venda-setor-industrial-taguatinga-df-qi-24-1346216,
"CSG 3, TAGUATINGA SUL, TAGUATINGA",799.000,1 Quarto,1 Suíte,97 m²,1 Vaga,https://www.dfimoveis.com.br/imovel/apartamento-1-quarto-venda-taguatinga-sul-taguatinga-df-csg-3-1171359,
"QNH 11, TAGUATINGA NORTE, TAGUATINGA",320.000,2 Quartos,,50 m²,1 Vaga,https://www.dfimoveis.com.br/imovel/apartamento-2-quartos-venda-taguatinga-norte-taguatinga-df-qnh-11-1414019,
"QNJ 58 Bloco A, TAGUATINGA NORTE, TAGUATINGA",296.000,3 Quartos,,57 m²,1 Vaga,https://www.dfimoveis.com.br/imovel/apartamento-3-quartos-venda-taguatinga-norte-taguatinga-df-qnj-58-bloco-a-1418848,
"SAGOCA, TAGUATINGA NORTE, TAGUATINGA",305.000,2 Quartos,,48 m²,1 Vaga,https://www.dfimoveis.com.br/imovel/apartamento-2-quartos-venda-taguatinga-norte-taguatinga-df-sagoca-1405021,
"CSG 3, TAGUATINGA SUL, TAGUATINGA",631.000,2 Quartos,,68 m²,1 Vaga,https://www.dfimoveis.com.br/imovel/apartamento-2-quartos-venda-taguatinga-sul-taguatinga-df-csg-3-1282520,
"QND 25, TAGUATINGA NORTE, TAGUATINGA",450.000,3 Quartos,,107 m²,2 Vagas,https://www.dfimoveis.com.br/imovel/apartamento-3-quartos-venda-taguatinga-norte-taguatinga-df-qnd-25-1164470,
"EQNL 13/15 Área Especial S/N, TAGUATINGA NORTE, TAGUATINGA",295.000,3 Quartos,1 Suíte,70 m²,1 Vaga,https://www.dfimoveis.com.br/imovel/apartamento-3-quartos-venda-taguatinga-norte-taguatinga-df-eqnl-13-15-area-especial-s-n-1417932,
"CSB 3, TAGUATINGA SUL, TAGUATINGA",470.000,3 Quartos,1 Suíte,70 m²,1 Vaga,https://www.dfimoveis.com.br/imovel/apartamento-3-quartos-venda-taguatinga-sul-taguatinga-df-csb-3-1420450,
"CSB 7, TAGUATINGA SUL, TAGUATINGA",249.900,2 Quartos,,56 m²,,https://www.dfimoveis.com.br/imovel/apartamento-2-quartos-venda-taguatinga-sul-taguatinga-df-csb-7-1126665,
"Quadra C 4, TAGUATINGA CENTRO, TAGUATINGA",180.000,2 Quartos,,47 m²,,https://www.dfimoveis.com.br/imovel/apartamento-2-quartos-venda-taguatinga-centro-taguatinga-df-quadra-c-4-1410092,
"C 02 Lote 19, TAGUATINGA CENTRO, TAGUATINGA",265.000,2 Quartos,,62 m²,1 Vaga,https://www.dfimoveis.com.br/imovel/apartamento-2-quartos-venda-taguatinga-centro-taguatinga-df-c-02-lote-19-1421102,
"EQNM 38/40 Área Especial S/N, TAGUATINGA NORTE, TAGUATINGA",167.000,2 Quartos,,50 m²,,https://www.dfimoveis.com.br/imovel/apartamento-2-quartos-venda-taguatinga-norte-taguatinga-df-eqnm-38-40-area-especial-s-n-962811,
"CSA 3, TAGUATINGA SUL, TAGUATINGA",579.000,3 Quartos,1 Suíte,87 m²,1 Vaga,https://www.dfimoveis.com.br/imovel/apartamento-3-quartos-venda-taguatinga-sul-taguatinga-df-csa-3-464788,
"QI 3, SETOR INDUSTRIAL, TAGUATINGA",455.000,3 Quartos,1 Suíte,64 m²,1 Vaga,https://www.dfimoveis.com.br/imovel/apartamento-3-quartos-venda-setor-industrial-taguatinga-df-qi-3-1403552,
"QNA 52, TAGUATINGA NORTE, TAGUATINGA",330.000,2 Quartos,,64 m²,,https://www.dfimoveis.com.br/imovel/apartamento-2-quartos-venda-taguatinga-norte-taguatinga-df-qna-52-1400278,
"QI 23, SETOR INDUSTRIAL, TAGUATINGA",385.000,2 Quartos,1 Suíte,55 m²,1 Vaga,https://www.dfimoveis.com.br/imovel/apartamento-2-quartos-venda-setor-industrial-taguatinga-df-qi-23-1127682,
"CNB 2, TAGUATINGA NORTE, TAGUATINGA",300.000,2 Quartos,,79 m²,,https://www.dfimoveis.com.br/imovel/apartamento-2-quartos-venda-taguatinga-norte-taguatinga-df-cnb-2-1253322,
"CSG 3, TAGUATINGA SUL, TAGUATINGA",750.000,1 Quarto,1 Suíte,97 m²,1 Vaga,https://www.dfimoveis.com.br/imovel/apartamento-1-quarto-venda-taguatinga-sul-taguatinga-df-csg-3-997900,
"CNB 6, TAGUATINGA NORTE, TAGUATINGA",495.000,2 Quartos,2 Suítes,60 m²,1 Vaga,https://www.dfimoveis.com.br/imovel/apartamento-2-quartos-venda-taguatinga-norte-taguatinga-df-cnb-6-1406081,
"CSG 3, TAGUATINGA SUL, TAGUATINGA",420.000,1 Quarto,1 Suíte,68 m²,1 Vaga,https://www.dfimoveis.com.br/imovel/apartamento-1-quarto-venda-taguatinga-sul-taguatinga-df-csg-3-1417561,
"QNC 13, TAGUATINGA NORTE, TAGUATINGA",1.200.000,6 Quartos,,360 m²,3 Vagas,https://www.dfimoveis.com.br/imovel/apartamento-4-quartos-venda-taguatinga-norte-taguatinga-df-qnc-13-1157646,
"QNC 1, TAGUATINGA NORTE, TAGUATINGA",950.000,3 Quartos,2 Suítes,138 m²,1 Vaga,https://www.dfimoveis.com.br/imovel/apartamento-3-quartos-venda-taguatinga-norte-taguatinga-df-qnc-1-1380901,
"CNB 6, TAGUATINGA NORTE, TAGUATINGA",500.000,2 Quartos,2 Suítes,65 m²,2 Vagas,https://www.dfimoveis.com.br/imovel/apartamento-2-quartos-venda-taguatinga-norte-taguatinga-df-cnb-6-1366317,
"QI 12, SETOR INDUSTRIAL, TAGUATINGA",400.000,2 Quartos,,58 m²,1 Vaga,https://www.dfimoveis.com.br/imovel/apartamento-2-quartos-venda-setor-industrial-taguatinga-df-qi-12-1307544,
"CNB 14, TAGUATINGA NORTE, TAGUATINGA",290.000,2 Quartos,,58 m²,1 Vaga,https://www.dfimoveis.com.br/imovel/apartamento-2-quartos-venda-taguatinga-norte-taguatinga-df-cnb-14-279069,
"QNE 1, TAGUATINGA NORTE, TAGUATINGA",220.000,2 Quartos,1 Suíte,70 m²,,https://www.dfimoveis.com.br/imovel/apartamento-2-quartos-venda-taguatinga-norte-taguatinga-df-qne-1-1128178,
"QNL 13 Conjunto B, TAGUATINGA NORTE, TAGUATINGA",290.000,3 Quartos,,87 m²,2 Vagas,https://www.dfimoveis.com.br/imovel/apartamento-3-quartos-venda-taguatinga-norte-taguatinga-df-qnl-13-conjunto-b-1405073,
"QNL 21 Bloco B, TAGUATINGA NORTE, TAGUATINGA",315.000,2 Quartos,1 Suíte,72 m²,1 Vaga,https://www.dfimoveis.com.br/imovel/apartamento-2-quartos-venda-taguatinga-norte-taguatinga-df-qnl-21-bloco-b-1411192,
"Rua 8 Chacará 327, VILA SAO JOSE, TAGUATINGA",195.000,2 Quartos,,60 m²,,https://www.dfimoveis.com.br/imovel/apartamento-2-quartos-venda-vila-sao-jose-taguatinga-df-rua-8-chacara-327-1326728,
"QNC 1 Área Especial 19, TAGUATINGA NORTE, TAGUATINGA",1.100.000,3 Quartos,1 Suíte,138 m²,1 Vaga,https://www.dfimoveis.com.br/imovel/apartamento-3-quartos-venda-taguatinga-norte-taguatinga-df-qnc-1-area-especial-19-1398696,
"QNB 5, TAGUATINGA NORTE, TAGUATINGA",230.000,2 Quartos,1 Suíte,50 m²,1 Vaga,https://www.dfimoveis.com.br/imovel/apartamento-2-quartos-venda-taguatinga-norte-taguatinga-df-qnb-5-1382048,
"CSA 2, TAGUATINGA SUL, TAGUATINGA",1.520.000,4 Quartos,4 Suítes,252 m²,3 Vagas,https://www.dfimoveis.com.br/imovel/apartamento-4-quartos-venda-taguatinga-sul-taguatinga-df-csa-2-755958,
"C 11 Lote 03/05, TAGUATINGA CENTRO, TAGUATINGA",330.000,2 Quartos,1 Suíte,83 m²,1 Vaga,https://www.dfimoveis.com.br/imovel/apartamento-2-quartos-venda-taguatinga-centro-taguatinga-df-c-11-lote-03-05-1419928,
"CSG 13, TAGUATINGA SUL, TAGUATINGA",240.000,1 Quarto,,34 m²,1 Vaga,https://www.dfimoveis.com.br/imovel/apartamento-1-quarto-venda-taguatinga-sul-taguatinga-df-csg-13-1350433,
"CSG 3, TAGUATINGA SUL, TAGUATINGA",380.000,1 Quarto,,48 m²,1 Vaga,https://www.dfimoveis.com.br/imovel/apartamento-1-quarto-venda-taguatinga-sul-taguatinga-df-csg-3-887614,
"CSA 2, TAGUATINGA SUL, TAGUATINGA",1.349.000,4 Quartos,4 Suítes,250 m²,3 Vagas,https://www.dfimoveis.com.br/imovel/apartamento-4-quartos-venda-taguatinga-sul-taguatinga-df-csa-2-1417237,
"QI 5, SETOR INDUSTRIAL, TAGUATINGA",355.000,3 Quartos,1 Suíte,69 m²,1 Vaga,https://www.dfimoveis.com.br/imovel/apartamento-3-quartos-venda-setor-industrial-taguatinga-df-qi-5-1277535,
"QNL 1, TAGUATINGA NORTE, TAGUATINGA",255.000,2 Quartos,,93 m²,2 Vagas,https://www.dfimoveis.com.br/imovel/apartamento-2-quartos-venda-taguatinga-norte-taguatinga-df-qnl-1-1353692,
"QI 3, SETOR INDUSTRIAL, TAGUATINGA",360.000,2 Quartos,1 Suíte,54 m²,1 Vaga,https://www.dfimoveis.com.br/imovel/apartamento-2-quartos-venda-setor-industrial-taguatinga-df-qi-3-1420444,
"SAGOCA, TAGUATINGA NORTE, TAGUATINGA",295.000,2 Quartos,,48 m²,1 Vaga,https://www.dfimoveis.com.br/imovel/apartamento-2-quartos-venda-taguatinga-norte-taguatinga-df-sagoca-1414954,
"CSE 4, TAGUATINGA SUL, TAGUATINGA",140.000,2 Quartos,,50 m²,1 Vaga,https://www.dfimoveis.com.br/imovel/apartamento-2-quartos-venda-taguatinga-sul-taguatinga-df-cse-4-1311056,
"CSB 10, TAGUATINGA SUL, TAGUATINGA",468.000,2 Quartos,1 Suíte,57 m²,1 Vaga,https://www.dfimoveis.com.br/imovel/apartamento-2-quartos-venda-taguatinga-sul-taguatinga-df-csb-10-1414105,
"CSB 10, TAGUATINGA SUL, TAGUATINGA",660.000,3 Quartos,2 Suítes,89 m²,2 Vagas,https://www.dfimoveis.com.br/imovel/apartamento-3-quartos-venda-taguatinga-sul-taguatinga-df-csb-10-1419343,
"CSG 3, TAGUATINGA SUL, TAGUATINGA",305.000,1 Quarto,1 Suíte,40 m²,1 Vaga,https://www.dfimoveis.com.br/imovel/apartamento-1-quarto-venda-taguatinga-sul-taguatinga-df-csg-3-726526,
"QNH Área Especial 3, TAGUATINGA NORTE, TAGUATINGA",315.000,2 Quartos,,50 m²,1 Vaga,https://www.dfimoveis.com.br/imovel/apartamento-2-quartos-venda-taguatinga-norte-taguatinga-df-qnh-area-especial-3-1418103,
"QNL 6 Bloco B, TAGUATINGA NORTE, TAGUATINGA",249.900,2 Quartos,,75 m²,2 Vagas,https://www.dfimoveis.com.br/imovel/apartamento-2-quartos-venda-taguatinga-norte-taguatinga-df-qnl-6-bloco-b-1234418,
"QNC 2, TAGUATINGA NORTE, TAGUATINGA",259.000,1 Quarto,,34 m²,,https://www.dfimoveis.com.br/imovel/apartamento-1-quarto-venda-taguatinga-norte-taguatinga-df-qnc-2-1412013,
"Quadra C 3, TAGUATINGA CENTRO, TAGUATINGA",340.000,2 Quartos,1 Suíte,62 m²,1 Vaga,https://www.dfimoveis.com.br/imovel/apartamento-2-quartos-venda-taguatinga-centro-taguatinga-df-quadra-c-3-1419542,
"QI 3, SETOR INDUSTRIAL, TAGUATINGA",450.000,3 Quartos,1 Suíte,69 m²,1 Vaga,https://www.dfimoveis.com.br/imovel/apartamento-3-quartos-venda-setor-industrial-taguatinga-df-qi-3-1352580,
"QSD 14, TAGUATINGA SUL, TAGUATINGA",135.000,2 Quartos,,50 m²,,https://www.dfimoveis.com.br/imovel/apartamento-2-quartos-venda-taguatinga-sul-taguatinga-df-qsd-14-1419880,
"SAGOCA, TAGUATINGA NORTE, TAGUATINGA",284.999,2 Quartos,,48 m²,1 Vaga,https://www.dfimoveis.com.br/imovel/apartamento-2-quartos-venda-taguatinga-norte-taguatinga-df-sagoca-1384277,
"CSG 3, TAGUATINGA SUL, TAGUATINGA",959.000,3 Quartos,1 Suíte,101 m²,1 Vaga,https://www.dfimoveis.com.br/imovel/apartamento-3-quartos-venda-taguatinga-sul-taguatinga-df-csg-3-823102,
"QNC 1, TAGUATINGA NORTE, TAGUATINGA",529.900,3 Quartos,1 Suíte,96 m²,1 Vaga,https://www.dfimoveis.com.br/imovel/apartamento-3-quartos-venda-taguatinga-norte-taguatinga-df-qnc-1-1339018,
"CSG 3, TAGUATINGA SUL, TAGUATINGA",849.000,2 Quartos,1 Suíte,102 m²,2 Vagas,https://www.dfimoveis.com.br/imovel/apartamento-2-quartos-venda-taguatinga-sul-taguatinga-df-csg-3-1368027,
"CNB 12, TAGUATINGA NORTE, TAGUATINGA",258.000,2 Quartos,1 Suíte,57 m²,,https://www.dfimoveis.com.br/imovel/apartamento-2-quartos-venda-taguatinga-norte-taguatinga-df-cnb-12-1226718,
"EQNL 1/3 Bloco C, TAGUATINGA NORTE, TAGUATINGA",110.000,1 Quarto,,33 m²,,https://www.dfimoveis.com.br/imovel/apartamento-1-quarto-venda-taguatinga-norte-taguatinga-df-eqnl-1-3-bloco-c-1306392,
"Quadra C 11, TAGUATINGA CENTRO, TAGUATINGA",250.000,2 Quartos,1 Suíte,58 m²,,https://www.dfimoveis.com.br/imovel/apartamento-2-quartos-venda-taguatinga-centro-taguatinga-df-quadra-c-11-393634,
"CSB 07 Lote 04, TAGUATINGA SUL, TAGUATINGA",335.000,3 Quartos,,66 m²,,https://www.dfimoveis.com.br/imovel/apartamento-3-quartos-venda-taguatinga-sul-taguatinga-df-csb-07-lote-04-1401293,
"QNC 1, TAGUATINGA NORTE, TAGUATINGA",259.000,1 Quarto,,34 m²,,https://www.dfimoveis.com.br/imovel/apartamento-1-quarto-venda-taguatinga-norte-taguatinga-df-qnc-1-1412015,
"QI 3, SETOR INDUSTRIAL, TAGUATINGA",665.000,2 Quartos,1 Suíte,105 m²,1 Vaga,https://www.dfimoveis.com.br/imovel/apartamento-2-quartos-venda-setor-industrial-taguatinga-df-qi-3-1171494,
"QNC 3, TAGUATINGA NORTE, TAGUATINGA",259.000,1 Quarto,,34 m²,,https://www.dfimoveis.com.br/imovel/apartamento-1-quarto-venda-taguatinga-norte-taguatinga-df-qnc-3-1412011,
"QI 24, SETOR INDUSTRIAL, TAGUATINGA",880.000,1 Quarto,1 Suíte,104 m²,2 Vagas,https://www.dfimoveis.com.br/imovel/apartamento-1-quarto-venda-setor-industrial-taguatinga-df-qi-24-1348590,
"QI 24, SETOR INDUSTRIAL, TAGUATINGA",375.000,2 Quartos,,49 m²,1 Vaga,https://www.dfimoveis.com.br/imovel/apartamento-2-quartos-venda-setor-industrial-taguatinga-df-qi-24-1308401,
"CSG 3, TAGUATINGA SUL, TAGUATINGA",549.000,2 Quartos,2 Suítes,69 m²,1 Vaga,https://www.dfimoveis.com.br/imovel/apartamento-2-quartos-venda-taguatinga-sul-taguatinga-df-csg-3-1254995,
"CSG 3, TAGUATINGA SUL, TAGUATINGA",330.000,1 Quarto,1 Suíte,37 m²,1 Vaga,https://www.dfimoveis.com.br/imovel/apartamento-1-quarto-venda-taguatinga-sul-taguatinga-df-csg-3-1069577,
"QSE 7, TAGUATINGA SUL, TAGUATINGA",140.000,1 Quarto,1 Suíte,25 m²,,https://www.dfimoveis.com.br/imovel/apartamento-1-quarto-venda-taguatinga-sul-taguatinga-df-qse-7-1410321,
"CSG 3, TAGUATINGA SUL, TAGUATINGA",525.000,2 Quartos,1 Suíte,92 m²,2 Vagas,https://www.dfimoveis.com.br/imovel/apartamento-2-quartos-venda-taguatinga-sul-taguatinga-df-csg-3-1036834,
"CSG 11, TAGUATINGA SUL, TAGUATINGA",790.000,2 Quartos,1 Suíte,160 m²,2 Vagas,https://www.dfimoveis.com.br/imovel/apartamento-2-quartos-venda-taguatinga-sul-taguatinga-df-csg-11-1122234,
"QI 24, SETOR INDUSTRIAL, TAGUATINGA",715.000,3 Quartos,1 Suíte,104 m²,2 Vagas,https://www.dfimoveis.com.br/imovel/apartamento-3-quartos-venda-setor-industrial-taguatinga-df-qi-24-1259103,
"QNL 2, TAGUATINGA NORTE, TAGUATINGA",325.000,3 Quartos,,78 m²,,https://www.dfimoveis.com.br/imovel/apartamento-3-quartos-venda-taguatinga-norte-taguatinga-df-qnl-2-1420960,
"CSG 3, TAGUATINGA SUL, TAGUATINGA",680.000,3 Quartos,1 Suíte,93 m²,2 Vagas,https://www.dfimoveis.com.br/imovel/apartamento-3-quartos-venda-taguatinga-sul-taguatinga-df-csg-3-1317763,
"QNL 7 Bloco B, TAGUATINGA NORTE, TAGUATINGA",285.000,3 Quartos,,78 m²,2 Vagas,https://www.dfimoveis.com.br/imovel/apartamento-3-quartos-venda-taguatinga-norte-taguatinga-df-qnl-7-bloco-b-1372880,
"QI 12, SETOR INDUSTRIAL, TAGUATINGA",547.000,3 Quartos,1 Suíte,65 m²,1 Vaga,https://www.dfimoveis.com.br/imovel/apartamento-3-quartos-venda-setor-industrial-taguatinga-df-qi-12-1412685,
"QNC 3, TAGUATINGA NORTE, TAGUATINGA",170.000,1 Quarto,,30 m²,,https://www.dfimoveis.com.br/imovel/apartamento-1-quarto-venda-taguatinga-norte-taguatinga-df-qnc-3-1300167,
"CSB 7, TAGUATINGA SUL, TAGUATINGA",670.000,3 Quartos,1 Suíte,97 m²,1 Vaga,https://www.dfimoveis.com.br/imovel/apartamento-3-quartos-venda-taguatinga-sul-taguatinga-df-csb-7-1325884,
"QNJ 58 Bloco A, TAGUATINGA NORTE, TAGUATINGA",295.000,2 Quartos,,57 m²,1 Vaga,https://www.dfimoveis.com.br/imovel/apartamento-2-quartos-venda-taguatinga-norte-taguatinga-df-qnj-58-bloco-a-1418849,
"QNL 5 Bloco D, TAGUATINGA NORTE, TAGUATINGA",285.000,2 Quartos,,53 m²,1 Vaga,https://www.dfimoveis.com.br/imovel/apartamento-2-quartos-venda-taguatinga-norte-taguatinga-df-qnl-5-bloco-d-1161863,
"CNB 10 Lote 12, TAGUATINGA NORTE, TAGUATINGA",620.000,11 Quartos,1 Suíte,128 m²,1 Vaga,https://www.dfimoveis.com.br/imovel/apartamento-4-quartos-venda-taguatinga-norte-taguatinga-df-cnb-10-lote-12-1304847,
"QNA 27, TAGUATINGA NORTE, TAGUATINGA",850.000,4 Quartos,2 Suítes,162 m²,2 Vagas,https://www.dfimoveis.com.br/imovel/apartamento-4-quartos-venda-taguatinga-norte-taguatinga-df-qna-27-1247649,
"CNB 04 Lote 05, TAGUATINGA NORTE, TAGUATINGA",330.000,3 Quartos,,63 m²,1 Vaga,https://www.dfimoveis.com.br/imovel/apartamento-3-quartos-venda-taguatinga-norte-taguatinga-df-cnb-04-lote-05-1382683,
"QI 3, SETOR INDUSTRIAL, TAGUATINGA",349.990,2 Quartos,2 Suítes,57 m²,1 Vaga,https://www.dfimoveis.com.br/imovel/apartamento-2-quartos-venda-setor-industrial-taguatinga-df-qi-3-1321935,
"QI 24, SETOR INDUSTRIAL, TAGUATINGA",309.990,2 Quartos,,45 m²,1 Vaga,https://www.dfimoveis.com.br/imovel/apartamento-2-quartos-venda-setor-industrial-taguatinga-df-qi-24-1333308,
"QNH 11, TAGUATINGA NORTE, TAGUATINGA",330.000,2 Quartos,,49 m²,1 Vaga,https://www.dfimoveis.com.br/imovel/apartamento-2-quartos-venda-taguatinga-norte-taguatinga-df-qnh-11-1420934,
"QI 24 LoteS 1 A 13, SETOR INDUSTRIAL, TAGUATINGA",290.000,2 Quartos,,49 m²,1 Vaga,https://www.dfimoveis.com.br/imovel/apartamento-2-quartos-venda-setor-industrial-taguatinga-df-qi-24-lotes-1-a-13-1416658,
"QNH 4, TAGUATINGA NORTE, TAGUATINGA",149.900,2 Quartos,,50 m²,,https://www.dfimoveis.com.br/imovel/apartamento-2-quartos-venda-taguatinga-norte-taguatinga-df-qnh-4-183561,
"Rua 8 Chacará 266, VILA SAO JOSE, TAGUATINGA",230.000,2 Quartos,,54 m²,,https://www.dfimoveis.com.br/imovel/apartamento-2-quartos-venda-vila-sao-jose-taguatinga-df-rua-8-chacara-266-964817,
"CSA 2, TAGUATINGA SUL, TAGUATINGA",325.000,3 Quartos,,60 m²,,https://www.dfimoveis.com.br/imovel/apartamento-3-quartos-venda-taguatinga-sul-taguatinga-df-csa-2-1377539,
"CNB 1, TAGUATINGA NORTE, TAGUATINGA",530.000,3 Quartos,1 Suíte,79 m²,1 Vaga,https://www.dfimoveis.com.br/imovel/apartamento-3-quartos-venda-taguatinga-norte-taguatinga-df-cnb-1-1402142,
"QNL 5 Bloco A, TAGUATINGA NORTE, TAGUATINGA",235.000,2 Quartos,,63 m²,1 Vaga,https://www.dfimoveis.com.br/imovel/apartamento-2-quartos-venda-taguatinga-norte-taguatinga-df-qnl-5-bloco-a-1366780,
"CSG 3, TAGUATINGA SUL, TAGUATINGA",295.000,1 Quarto,,36 m²,,https://www.dfimoveis.com.br/imovel/apartamento-1-quarto-venda-taguatinga-sul-taguatinga-df-csg-3-1180271,
"CSG 3, TAGUATINGA SUL, TAGUATINGA",490.000,1 Quarto,1 Suíte,50 m²,1 Vaga,https://www.dfimoveis.com.br/imovel/apartamento-1-quarto-venda-taguatinga-sul-taguatinga-df-csg-3-1420462,
"Quadra C 11, TAGUATINGA CENTRO, TAGUATINGA",380.000,2 Quartos,1 Suíte,56 m²,1 Vaga,https://www.dfimoveis.com.br/imovel/apartamento-2-quartos-venda-taguatinga-centro-taguatinga-df-quadra-c-11-1295929,
"QI 24, SETOR INDUSTRIAL, TAGUATINGA",330.000,2 Quartos,1 Suíte,52 m²,1 Vaga,https://www.dfimoveis.com.br/imovel/apartamento-2-quartos-venda-setor-industrial-taguatinga-df-qi-24-1399011,
"QSD 14, TAGUATINGA SUL, TAGUATINGA",140.000,2 Quartos,,50 m²,,https://www.dfimoveis.com.br/imovel/apartamento-2-quartos-venda-taguatinga-sul-taguatinga-df-qsd-14-1407890,
"CNB 3, TAGUATINGA NORTE, TAGUATINGA",750.000,3 Quartos,1 Suíte,150 m²,1 Vaga,https://www.dfimoveis.com.br/imovel/apartamento-3-quartos-venda-taguatinga-norte-taguatinga-df-cnb-3-1309084,
"QND 60, TAGUATINGA NORTE, TAGUATINGA",386.005,2 Quartos,1 Suíte,58 m²,,https://www.dfimoveis.com.br/imovel/apartamento-2-quartos-venda-taguatinga-norte-taguatinga-df-qnd-60-1328037,
"QI 5, SETOR INDUSTRIAL, TAGUATINGA",210.000,2 Quartos,,75 m²,1 Vaga,https://www.dfimoveis.com.br/imovel/apartamento-2-quartos-venda-setor-industrial-taguatinga-df-qi-5-1363894,
"QSA 4, TAGUATINGA SUL, TAGUATINGA",630.000,3 Quartos,1 Suíte,91 m²,2 Vagas,https://www.dfimoveis.com.br/imovel/apartamento-3-quartos-venda-taguatinga-sul-taguatinga-df-qsa-4-1321100,
"QSD 53, TAGUATINGA SUL, TAGUATINGA",780.000,3 Quartos,1 Suíte,126 m²,1 Vaga,https://www.dfimoveis.com.br/imovel/apartamento-3-quartos-venda-taguatinga-sul-taguatinga-df-qsd-53-967397,
"CSG 3, TAGUATINGA SUL, TAGUATINGA",690.000,2 Quartos,1 Suíte,83 m²,2 Vagas,https://www.dfimoveis.com.br/imovel/apartamento-2-quartos-venda-taguatinga-sul-taguatinga-df-csg-3-681895,
"CNB 3, TAGUATINGA NORTE, TAGUATINGA",365.000,3 Quartos,,64 m²,,https://www.dfimoveis.com.br/imovel/apartamento-3-quartos-venda-taguatinga-norte-taguatinga-df-cnb-3-1357523,
"QI 19, SETOR INDUSTRIAL, TAGUATINGA",550.000,2 Quartos,1 Suíte,65 m²,1 Vaga,https://www.dfimoveis.com.br/imovel/apartamento-2-quartos-venda-setor-industrial-taguatinga-df-qi-19-1419219,
"Quadra C 7, TAGUATINGA CENTRO, TAGUATINGA",375.000,2 Quartos,1 Suíte,45 m²,1 Vaga,https://www.dfimoveis.com.br/imovel/apartamento-2-quartos-venda-taguatinga-centro-taguatinga-df-quadra-c-7-1298982,
"QNC 1, TAGUATINGA NORTE, TAGUATINGA",550.000,3 Quartos,1 Suíte,73 m²,1 Vaga,https://www.dfimoveis.com.br/imovel/apartamento-3-quartos-venda-taguatinga-norte-taguatinga-df-qnc-1-1383522,
"CSB 3, TAGUATINGA SUL, TAGUATINGA",450.000,3 Quartos,1 Suíte,70 m²,1 Vaga,https://www.dfimoveis.com.br/imovel/apartamento-3-quartos-venda-taguatinga-sul-taguatinga-df-csb-3-1409157,
"CSB 5, TAGUATINGA SUL, TAGUATINGA",320.000,3 Quartos,1 Suíte,63 m²,,https://www.dfimoveis.com.br/imovel/apartamento-3-quartos-venda-taguatinga-sul-taguatinga-df-csb-5-1195156,
"CSB 3, TAGUATINGA SUL, TAGUATINGA",540.000,2 Quartos,1 Suíte,58 m²,1 Vaga,https://www.dfimoveis.com.br/imovel/apartamento-2-quartos-venda-taguatinga-sul-taguatinga-df-csb-3-1375605,
"QI 24, SETOR INDUSTRIAL, TAGUATINGA",290.000,2 Quartos,,43 m²,1 Vaga,https://www.dfimoveis.com.br/imovel/apartamento-2-quartos-venda-setor-industrial-taguatinga-df-qi-24-1402612,
"QI 24 LoteS 1 A 13, SETOR INDUSTRIAL, TAGUATINGA",520.000,3 Quartos,1 Suíte,103 m²,2 Vagas,https://www.dfimoveis.com.br/imovel/apartamento-3-quartos-venda-setor-industrial-taguatinga-df-qi-24-lotes-1-a-13-962710,
"Quadra C 2, TAGUATINGA CENTRO, TAGUATINGA",239.000,2 Quartos,,59 m²,1 Vaga,https://www.dfimoveis.com.br/imovel/apartamento-2-quartos-venda-taguatinga-centro-taguatinga-df-quadra-c-2-1405440,
"CNB 3, TAGUATINGA NORTE, TAGUATINGA",930.000,5 Quartos,3 Suítes,140 m²,1 Vaga,https://www.dfimoveis.com.br/imovel/apartamento-4-quartos-venda-taguatinga-norte-taguatinga-df-cnb-3-1315472,
"Quadra C 11, TAGUATINGA CENTRO, TAGUATINGA",310.000,3 Quartos,1 Suíte,101 m²,1 Vaga,https://www.dfimoveis.com.br/imovel/apartamento-3-quartos-venda-taguatinga-centro-taguatinga-df-quadra-c-11-1374753,
"QI 24 LoteS 14 A 27, SETOR INDUSTRIAL, TAGUATINGA",370.000,2 Quartos,,50 m²,1 Vaga,https://www.dfimoveis.com.br/imovel/apartamento-2-quartos-venda-setor-industrial-taguatinga-df-qi-24-lotes-14-a-27-1419884,
"QSE 7, TAGUATINGA SUL, TAGUATINGA",139.000,1 Quarto,,25 m²,,https://www.dfimoveis.com.br/imovel/kitnet-1-quarto-venda-taguatinga-sul-taguatinga-df-qse-7-1402805,
"QNA 6, TAGUATINGA NORTE, TAGUATINGA",150.000,1 Quarto,1 Suíte,31 m²,,https://www.dfimoveis.com.br/imovel/kitnet-1-quarto-venda-taguatinga-norte-taguatinga-df-qna-6-1325112,
"QNL 3 Bloco B, TAGUATINGA NORTE, TAGUATINGA",310.000,3 Quartos,,68 m²,1 Vaga,https://www.dfimoveis.com.br/imovel/apartamento-3-quartos-venda-taguatinga-norte-taguatinga-df-qnl-3-bloco-b-1405686,
"CSG 3, TAGUATINGA SUL, TAGUATINGA",1.090.000,2 Quartos,1 Suíte,123 m²,1 Vaga,https://www.dfimoveis.com.br/imovel/apartamento-2-quartos-venda-taguatinga-sul-taguatinga-df-csg-3-1358105,
"QNL 9, TAGUATINGA NORTE, TAGUATINGA",252.000,2 Quartos,,65 m²,1 Vaga,https://www.dfimoveis.com.br/imovel/apartamento-2-quartos-venda-taguatinga-norte-taguatinga-df-qnl-9-1333101,
"Rua 10 Chacará 178, VILA SAO JOSE, TAGUATINGA",180.000,2 Quartos,,40 m²,,https://www.dfimoveis.com.br/imovel/apartamento-2-quartos-venda-vila-sao-jose-taguatinga-df-rua-10-chacara-178-1200428,
"CSB 6, TAGUATINGA SUL, TAGUATINGA",265.000,3 Quartos,,74 m²,1 Vaga,https://www.dfimoveis.com.br/imovel/apartamento-3-quartos-venda-taguatinga-sul-taguatinga-df-csb-6-1288246,
"Setor SAGOCA Lote 2 Residencial JK, TAGUATINGA NORTE, TAGUATINGA",419.000,3 Quartos,1 Suíte,62 m²,1 Vaga,https://www.dfimoveis.com.br/imovel/apartamento-3-quartos-venda-taguatinga-norte-taguatinga-df-setor-sagoca-lote-2---residencial-jk-1411251,
"QNL 13, TAGUATINGA NORTE, TAGUATINGA",280.000,3 Quartos,,70 m²,2 Vagas,https://www.dfimoveis.com.br/imovel/apartamento-3-quartos-venda-taguatinga-norte-taguatinga-df-qnl-13-1403608,
"CSB 3, TAGUATINGA SUL, TAGUATINGA",550.000,2 Quartos,1 Suíte,58 m²,1 Vaga,https://www.dfimoveis.com.br/imovel/apartamento-2-quartos-venda-taguatinga-sul-taguatinga-df-csb-3-1348467,
"CNB 12, TAGUATINGA NORTE, TAGUATINGA",290.000,2 Quartos,,60 m²,1 Vaga,https://www.dfimoveis.com.br/imovel/apartamento-2-quartos-venda-taguatinga-norte-taguatinga-df-cnb-12-1420104,
"CSA 3, TAGUATINGA SUL, TAGUATINGA",300.000,2 Quartos,,52 m²,,https://www.dfimoveis.com.br/imovel/apartamento-2-quartos-venda-taguatinga-sul-taguatinga-df-csa-3-1417956,
"QSC 19 Chacará 25 Conjunto A1, TAGUATINGA SUL, TAGUATINGA",220.000,2 Quartos,,65 m²,1 Vaga,https://www.dfimoveis.com.br/imovel/apartamento-2-quartos-venda-taguatinga-sul-taguatinga-df-qsc-19-chacara-25-conjunto-a1-1371612,
"CNB 14, TAGUATINGA NORTE, TAGUATINGA",450.000,3 Quartos,1 Suíte,69 m²,,https://www.dfimoveis.com.br/imovel/apartamento-3-quartos-venda-taguatinga-norte-taguatinga-df-cnb-14-1298109,
"QNC 1 Área Especial 21, TAGUATINGA NORTE, TAGUATINGA",1.300.000,3 Quartos,1 Suíte,170 m²,2 Vagas,https://www.dfimoveis.com.br/imovel/apartamento-3-quartos-venda-taguatinga-norte-taguatinga-df-qnc-1-area-especial-21-1372955,
"CSB 03 Lote 02/06, TAGUATINGA SUL, TAGUATINGA",395.000,2 Quartos,1 Suíte,61 m²,1 Vaga,https://www.dfimoveis.com.br/imovel/apartamento-2-quartos-venda-taguatinga-sul-taguatinga-df-csb-03-lote-02-06-1266046,
"CNB 10, TAGUATINGA NORTE, TAGUATINGA",289.999,2 Quartos,,56 m²,1 Vaga,https://www.dfimoveis.com.br/imovel/apartamento-2-quartos-venda-taguatinga-norte-taguatinga-df-cnb-10-1411834,
"QNJ 58 Bloco C, TAGUATINGA NORTE, TAGUATINGA",255.000,2 Quartos,,73 m²,,https://www.dfimoveis.com.br/imovel/apartamento-2-quartos-venda-taguatinga-norte-taguatinga-df-qnj-58-bloco-c-1328335,
"QNL 6, TAGUATINGA NORTE, TAGUATINGA",265.000,2 Quartos,,63 m²,2 Vagas,https://www.dfimoveis.com.br/imovel/apartamento-2-quartos-venda-taguatinga-norte-taguatinga-df-qnl-6-1181998,
"CNB 01 Lote 05, TAGUATINGA NORTE, TAGUATINGA",319.000,2 Quartos,1 Suíte,89 m²,1 Vaga,https://www.dfimoveis.com.br/imovel/apartamento-2-quartos-venda-taguatinga-norte-taguatinga-df-cnb-01-lote-05-1420775,
"Quadra C 2, TAGUATINGA CENTRO, TAGUATINGA",198.000,2 Quartos,,49 m²,,https://www.dfimoveis.com.br/imovel/apartamento-2-quartos-venda-taguatinga-centro-taguatinga-df-quadra-c-2-1405454,
"QI 24, SETOR INDUSTRIAL, TAGUATINGA",355.000,2 Quartos,1 Suíte,52 m²,1 Vaga,https://www.dfimoveis.com.br/imovel/apartamento-2-quartos-venda-setor-industrial-taguatinga-df-qi-24-1358076,
"CSG 3, TAGUATINGA SUL, TAGUATINGA",949.000,3 Quartos,1 Suíte,101 m²,1 Vaga,https://www.dfimoveis.com.br/imovel/apartamento-3-quartos-venda-taguatinga-sul-taguatinga-df-csg-3-1197934,
"CNB 14, TAGUATINGA NORTE, TAGUATINGA",480.000,3 Quartos,1 Suíte,70 m²,,https://www.dfimoveis.com.br/imovel/apartamento-3-quartos-venda-taguatinga-norte-taguatinga-df-cnb-14-1412010,
"CSB 05 Lote 08, TAGUATINGA SUL, TAGUATINGA",398.000,2 Quartos,,62 m²,1 Vaga,https://www.dfimoveis.com.br/imovel/apartamento-2-quartos-venda-taguatinga-sul-taguatinga-df-csb-05-lote-08-1403197,
"QNL 2, TAGUATINGA NORTE, TAGUATINGA",335.000,3 Quartos,,72 m²,,https://www.dfimoveis.com.br/imovel/apartamento-3-quartos-venda-taguatinga-norte-taguatinga-df-qnl-2-1418188,
"Quadra C 7, TAGUATINGA CENTRO, TAGUATINGA",220.000,2 Quartos,,50 m²,,https://www.dfimoveis.com.br/imovel/apartamento-2-quartos-venda-taguatinga-centro-taguatinga-df-quadra-c-7-744690,
"QNL 12 Bloco C, TAGUATINGA NORTE, TAGUATINGA",305.000,2 Quartos,1 Suíte,75 m²,2 Vagas,https://www.dfimoveis.com.br/imovel/apartamento-2-quartos-venda-taguatinga-norte-taguatinga-df-qnl-12-bloco-c-1285390,
"CNB 5, TAGUATINGA NORTE, TAGUATINGA",280.000,2 Quartos,,70 m²,,https://www.dfimoveis.com.br/imovel/apartamento-2-quartos-venda-taguatinga-norte-taguatinga-df-cnb-5-1371001,
"QI 24, SETOR INDUSTRIAL, TAGUATINGA",590.000,3 Quartos,1 Suíte,50 m²,1 Vaga,https://www.dfimoveis.com.br/imovel/apartamento-3-quartos-venda-setor-industrial-taguatinga-df-qi-24-1404041,
"Setor SAGOCA Lote 4 Residencial Itamaraty, TAGUATINGA NORTE, TAGUATINGA",275.000,2 Quartos,,48 m²,1 Vaga,https://www.dfimoveis.com.br/imovel/apartamento-2-quartos-venda-taguatinga-norte-taguatinga-df-setor-sagoca-lote-4---residencial-itamaraty-1403210,
"CSA 01 Lote 14/15, TAGUATINGA SUL, TAGUATINGA",310.000,2 Quartos,,53 m²,1 Vaga,https://www.dfimoveis.com.br/imovel/apartamento-2-quartos-venda-taguatinga-sul-taguatinga-df-csa-01-lote-14-15-1338710,
"SAGOCA, TAGUATINGA NORTE, TAGUATINGA",449.000,3 Quartos,1 Suíte,65 m²,1 Vaga,https://www.dfimoveis.com.br/imovel/apartamento-3-quartos-venda-taguatinga-norte-taguatinga-df-sagoca-1348069,
"QNA 16, TAGUATINGA NORTE, TAGUATINGA",1.650.000,2 Quartos,,463 m²,,https://www.dfimoveis.com.br/imovel/apartamento-2-quartos-venda-taguatinga-norte-taguatinga-df-qna-16-685057,
"CNB 10 Lote 12, TAGUATINGA NORTE, TAGUATINGA",290.000,2 Quartos,,56 m²,1 Vaga,https://www.dfimoveis.com.br/imovel/apartamento-2-quartos-venda-taguatinga-norte-taguatinga-df-cnb-10-lote-12-1404128,
"QNL 9, TAGUATINGA NORTE, TAGUATINGA",280.000,2 Quartos,,1 m²,1 Vaga,https://www.dfimoveis.com.br/imovel/apartamento-2-quartos-venda-taguatinga-norte-taguatinga-df-qnl-9-1373475,
"CNB 12, TAGUATINGA NORTE, TAGUATINGA",260.000,2 Quartos,,65 m²,,https://www.dfimoveis.com.br/imovel/apartamento-2-quartos-venda-taguatinga-norte-taguatinga-df-cnb-12-1402721,
"Setor SAGOCA Lote 2 Residencial Esplanada, TAGUATINGA NORTE, TAGUATINGA",270.000,2 Quartos,1 Suíte,50 m²,1 Vaga,https://www.dfimoveis.com.br/imovel/apartamento-2-quartos-venda-taguatinga-norte-taguatinga-df-setor-sagoca-lote-2---residencial-esplanada-1412973,
"CSB 8, TAGUATINGA SUL, TAGUATINGA",479.100,4 Quartos,,118 m²,,https://www.dfimoveis.com.br/imovel/apartamento-4-quartos-venda-taguatinga-sul-taguatinga-df-csb-8-1319676,
"QSF 1 Área Especial 6/7/8, TAGUATINGA SUL, TAGUATINGA",450.000,2 Quartos,1 Suíte,59 m²,1 Vaga,https://www.dfimoveis.com.br/imovel/apartamento-2-quartos-venda-taguatinga-sul-taguatinga-df-qsf-1-area-especial-6-7-8-1206934,
"CSB 09 Lote 03, TAGUATINGA SUL, TAGUATINGA",350.000,2 Quartos,,53 m²,1 Vaga,https://www.dfimoveis.com.br/imovel/apartamento-2-quartos-venda-taguatinga-sul-taguatinga-df-csb-09-lote-03-1418747,
"CSG 3, TAGUATINGA SUL, TAGUATINGA",675.000,1 Quarto,1 Suíte,97 m²,1 Vaga,https://www.dfimoveis.com.br/imovel/apartamento-1-quarto-venda-taguatinga-sul-taguatinga-df-csg-3-1130413,
"CSB 8, TAGUATINGA SUL, TAGUATINGA",350.000,3 Quartos,,93 m²,,https://www.dfimoveis.com.br/imovel/apartamento-3-quartos-venda-taguatinga-sul-taguatinga-df-csb-8-1383520,
"CSB 9, TAGUATINGA SUL, TAGUATINGA",350.000,2 Quartos,,53 m²,1 Vaga,https://www.dfimoveis.com.br/imovel/apartamento-2-quartos-venda-taguatinga-sul-taguatinga-df-csb-9-1417005,
"CNB 14 Lote 02, TAGUATINGA NORTE, TAGUATINGA",290.000,2 Quartos,,57 m²,1 Vaga,https://www.dfimoveis.com.br/imovel/apartamento-2-quartos-venda-taguatinga-norte-taguatinga-df-cnb-14-lote-02-1350446,
"CSB 10, TAGUATINGA SUL, TAGUATINGA",720.000,4 Quartos,1 Suíte,92 m²,,https://www.dfimoveis.com.br/imovel/apartamento-4-quartos-venda-taguatinga-sul-taguatinga-df-csb-10-1292533,
"CSD 4, TAGUATINGA SUL, TAGUATINGA",190.000,2 Quartos,,110 m²,,https://www.dfimoveis.com.br/imovel/apartamento-2-quartos-venda-taguatinga-sul-taguatinga-df-csd-4-1115648,
"QND 25, TAGUATINGA NORTE, TAGUATINGA",415.000,3 Quartos,,109 m²,2 Vagas,https://www.dfimoveis.com.br/imovel/apartamento-3-quartos-venda-taguatinga-norte-taguatinga-df-qnd-25-1403610,
"QNL 13 Bloco B, TAGUATINGA NORTE, TAGUATINGA",265.000,3 Quartos,,82 m²,2 Vagas,https://www.dfimoveis.com.br/imovel/apartamento-3-quartos-venda-taguatinga-norte-taguatinga-df-qnl-13-bloco-b-1145536,
"CNB 2, TAGUATINGA NORTE, TAGUATINGA",478.000,3 Quartos,1 Suíte,68 m²,1 Vaga,https://www.dfimoveis.com.br/imovel/apartamento-3-quartos-venda-taguatinga-norte-taguatinga-df-cnb-2-1406893,
"QNE 26, TAGUATINGA NORTE, TAGUATINGA",1.800.000,2 Quartos,,68 m²,,https://www.dfimoveis.com.br/imovel/apartamento-2-quartos-venda-taguatinga-norte-taguatinga-df-qne-26-1285304,
"CNB 08 Lote 12, TAGUATINGA NORTE, TAGUATINGA",300.000,2 Quartos,,59 m²,1 Vaga,https://www.dfimoveis.com.br/imovel/apartamento-2-quartos-venda-taguatinga-norte-taguatinga-df-cnb-08-lote-12-1384980,
"QNL 9 Bloco B, TAGUATINGA NORTE, TAGUATINGA",235.000,2 Quartos,,63 m²,1 Vaga,https://www.dfimoveis.com.br/imovel/apartamento-2-quartos-venda-taguatinga-norte-taguatinga-df-qnl-9-bloco-b-1397709,
"CSG 3, TAGUATINGA SUL, TAGUATINGA",380.000,1 Quarto,1 Suíte,47 m²,1 Vaga,https://www.dfimoveis.com.br/imovel/apartamento-1-quarto-venda-taguatinga-sul-taguatinga-df-csg-3-1235744,
"QI 12, SETOR INDUSTRIAL, TAGUATINGA",395.000,2 Quartos,1 Suíte,57 m²,1 Vaga,https://www.dfimoveis.com.br/imovel/apartamento-2-quartos-venda-setor-industrial-taguatinga-df-qi-12-1418760,
"QNA 14, TAGUATINGA NORTE, TAGUATINGA",410.000,2 Quartos,,89 m²,2 Vagas,https://www.dfimoveis.com.br/imovel/apartamento-2-quartos-venda-taguatinga-norte-taguatinga-df-qna-14-963119,
"QSF 1, TAGUATINGA SUL, TAGUATINGA",750.000,2 Quartos,1 Suíte,118 m²,1 Vaga,https://www.dfimoveis.com.br/imovel/apartamento-2-quartos-venda-taguatinga-sul-taguatinga-df-qsf-1-964047,
"QNL 19 Bloco A, TAGUATINGA NORTE, TAGUATINGA",220.000,2 Quartos,,45 m²,1 Vaga,https://www.dfimoveis.com.br/imovel/apartamento-2-quartos-venda-taguatinga-norte-taguatinga-df-qnl-19-bloco-a-1403105,
"SAGOCA, TAGUATINGA NORTE, TAGUATINGA",255.000,2 Quartos,,48 m²,1 Vaga,https://www.dfimoveis.com.br/imovel/apartamento-2-quartos-venda-taguatinga-norte-taguatinga-df-sagoca-1369947,
"QI 24, SETOR INDUSTRIAL, TAGUATINGA",360.000,2 Quartos,,55 m²,1 Vaga,https://www.dfimoveis.com.br/imovel/apartamento-2-quartos-venda-setor-industrial-taguatinga-df-qi-24-1290136,
"QSE Área Especial 11, TAGUATINGA SUL, TAGUATINGA",180.000,2 Quartos,,55 m²,1 Vaga,https://www.dfimoveis.com.br/imovel/apartamento-2-quartos-venda-taguatinga-sul-taguatinga-df-qse-area-especial-11-1137154,
"CSA 02 Lote 10, TAGUATINGA SUL, TAGUATINGA",250.000,1 Quarto,,40 m²,,https://www.dfimoveis.com.br/imovel/apartamento-1-quarto-venda-taguatinga-sul-taguatinga-df-csa-02-lote-10-1131571,
"QI 24, SETOR INDUSTRIAL, TAGUATINGA",380.000,2 Quartos,,50 m²,1 Vaga,https://www.dfimoveis.com.br/imovel/apartamento-2-quartos-venda-setor-industrial-taguatinga-df-qi-24-1139035,
"QSD 53, TAGUATINGA SUL, TAGUATINGA",152.000,1 Quarto,,23 m²,,https://www.dfimoveis.com.br/imovel/apartamento-1-quarto-venda-taguatinga-sul-taguatinga-df-qsd-53-1406545,
"CNB 4, TAGUATINGA NORTE, TAGUATINGA",335.000,3 Quartos,,70 m²,1 Vaga,https://www.dfimoveis.com.br/imovel/apartamento-3-quartos-venda-taguatinga-norte-taguatinga-df-cnb-4-1382655,
"QI 24, SETOR INDUSTRIAL, TAGUATINGA",390.000,2 Quartos,1 Suíte,51 m²,1 Vaga,https://www.dfimoveis.com.br/imovel/apartamento-2-quartos-venda-setor-industrial-taguatinga-df-qi-24-1418957,
"CSG 3, TAGUATINGA SUL, TAGUATINGA",489.000,1 Quarto,1 Suíte,95 m²,1 Vaga,https://www.dfimoveis.com.br/imovel/apartamento-1-quarto-venda-taguatinga-sul-taguatinga-df-csg-3-1416617,
"CNB 14, TAGUATINGA NORTE, TAGUATINGA",440.000,3 Quartos,1 Suíte,70 m²,1 Vaga,https://www.dfimoveis.com.br/imovel/apartamento-3-quartos-venda-taguatinga-norte-taguatinga-df-cnb-14-1405343,
"CNB 8, TAGUATINGA NORTE, TAGUATINGA",620.000,3 Quartos,2 Suítes,147 m²,1 Vaga,https://www.dfimoveis.com.br/imovel/apartamento-3-quartos-venda-taguatinga-norte-taguatinga-df-cnb-8-1029831,
"QI 24 LoteS 1 A 13, SETOR INDUSTRIAL, TAGUATINGA",580.000,3 Quartos,1 Suíte,64 m²,1 Vaga,https://www.dfimoveis.com.br/imovel/apartamento-3-quartos-venda-setor-industrial-taguatinga-df-qi-24-lotes-1-a-13-1416244,
"CSG 13, TAGUATINGA SUL, TAGUATINGA",245.000,1 Quarto,,34 m²,1 Vaga,https://www.dfimoveis.com.br/imovel/apartamento-1-quarto-venda-taguatinga-sul-taguatinga-df-csg-13-1359109,
"CSD 4, TAGUATINGA SUL, TAGUATINGA",300.000,3 Quartos,2 Suítes,88 m²,,https://www.dfimoveis.com.br/imovel/apartamento-3-quartos-venda-taguatinga-sul-taguatinga-df-csd-4-1380135,
"QI 5, SETOR INDUSTRIAL, TAGUATINGA",385.000,3 Quartos,1 Suíte,68 m²,1 Vaga,https://www.dfimoveis.com.br/imovel/apartamento-3-quartos-venda-setor-industrial-taguatinga-df-qi-5-1383753,
"CSG 3, TAGUATINGA SUL, TAGUATINGA",345.000,1 Quarto,1 Suíte,47 m²,1 Vaga,https://www.dfimoveis.com.br/imovel/apartamento-1-quarto-venda-taguatinga-sul-taguatinga-df-csg-3-1370801,
"CNB 08 Lote 04, TAGUATINGA NORTE, TAGUATINGA",430.000,3 Quartos,1 Suíte,65 m²,1 Vaga,https://www.dfimoveis.com.br/imovel/apartamento-3-quartos-venda-taguatinga-norte-taguatinga-df-cnb-08-lote-04-972211,
"CND 6, TAGUATINGA NORTE, TAGUATINGA",170.000,1 Quarto,,33 m²,,https://www.dfimoveis.com.br/imovel/kitnet-1-quarto-venda-taguatinga-norte-taguatinga-df-cnd-6-1350221,
"Setor SAGOCA Lote 2 Residencial Esplanada, TAGUATINGA NORTE, TAGUATINGA",285.000,2 Quartos,1 Suíte,50 m²,1 Vaga,https://www.dfimoveis.com.br/imovel/apartamento-2-quartos-venda-taguatinga-norte-taguatinga-df-setor-sagoca-lote-2---residencial-esplanada-1341504,
"SAGOCA, TAGUATINGA NORTE, TAGUATINGA",389.999,3 Quartos,1 Suíte,62 m²,1 Vaga,https://www.dfimoveis.com.br/imovel/apartamento-3-quartos-venda-taguatinga-norte-taguatinga-df-sagoca-1401358,
"QI 6, SETOR INDUSTRIAL, TAGUATINGA",430.000,3 Quartos,1 Suíte,100 m²,1 Vaga,https://www.dfimoveis.com.br/imovel/apartamento-3-quartos-venda-setor-industrial-taguatinga-df-qi-6-1172945,
"CSB 05 Lote 02, TAGUATINGA SUL, TAGUATINGA",380.000,2 Quartos,1 Suíte,75 m²,1 Vaga,https://www.dfimoveis.com.br/imovel/apartamento-2-quartos-venda-taguatinga-sul-taguatinga-df-csb-05-lote-02-1371830,
"CSA 03 Lote 16, TAGUATINGA SUL, TAGUATINGA",299.000,2 Quartos,,62 m²,1 Vaga,https://www.dfimoveis.com.br/imovel/apartamento-2-quartos-venda-taguatinga-sul-taguatinga-df-csa-03-lote-16-1418628,
"QSA 4, TAGUATINGA SUL, TAGUATINGA",610.000,3 Quartos,1 Suíte,91 m²,2 Vagas,https://www.dfimoveis.com.br/imovel/apartamento-3-quartos-venda-taguatinga-sul-taguatinga-df-qsa-4-1372958,
"CSB 07 Lote 04, TAGUATINGA SUL, TAGUATINGA",350.000,3 Quartos,1 Suíte,70 m²,1 Vaga,https://www.dfimoveis.com.br/imovel/apartamento-3-quartos-venda-taguatinga-sul-taguatinga-df-csb-07-lote-04-1365568,
"Quadra C 3, TAGUATINGA CENTRO, TAGUATINGA",267.900,2 Quartos,,54 m²,1 Vaga,https://www.dfimoveis.com.br/imovel/apartamento-2-quartos-venda-taguatinga-centro-taguatinga-df-quadra-c-3-1354876,
"QI 24, SETOR INDUSTRIAL, TAGUATINGA",499.990,3 Quartos,1 Suíte,63 m²,1 Vaga,https://www.dfimoveis.com.br/imovel/apartamento-3-quartos-venda-setor-industrial-taguatinga-df-qi-24-1367000,
"QI 24 LoteS 14 A 27, SETOR INDUSTRIAL, TAGUATINGA",320.000,2 Quartos,,44 m²,1 Vaga,https://www.dfimoveis.com.br/imovel/apartamento-2-quartos-venda-setor-industrial-taguatinga-df-qi-24-lotes-14-a-27-1415855,
"CNG 8, TAGUATINGA NORTE, TAGUATINGA",150.000,2 Quartos,,50 m²,,https://www.dfimoveis.com.br/imovel/apartamento-2-quartos-venda-taguatinga-norte-taguatinga-df-cng-8-241465,
"CNB 6, TAGUATINGA NORTE, TAGUATINGA",499.000,2 Quartos,2 Suítes,65 m²,2 Vagas,https://www.dfimoveis.com.br/imovel/apartamento-2-quartos-venda-taguatinga-norte-taguatinga-df-cnb-6-1372487,
"CSB 5, TAGUATINGA SUL, TAGUATINGA",420.000,2 Quartos,,63 m²,1 Vaga,https://www.dfimoveis.com.br/imovel/apartamento-2-quartos-venda-taguatinga-sul-taguatinga-df-csb-5-1404637,
"QI 12, SETOR INDUSTRIAL, TAGUATINGA",463.000,2 Quartos,1 Suíte,58 m²,1 Vaga,https://www.dfimoveis.com.br/imovel/apartamento-2-quartos-venda-setor-industrial-taguatinga-df-qi-12-1412708,
"QSD 14, TAGUATINGA SUL, TAGUATINGA",150.000,2 Quartos,,50 m²,1 Vaga,https://www.dfimoveis.com.br/imovel/apartamento-2-quartos-venda-taguatinga-sul-taguatinga-df-qsd-14-1338280,
"CNB 6, TAGUATINGA NORTE, TAGUATINGA",475.000,2 Quartos,2 Suítes,62 m²,2 Vagas,https://www.dfimoveis.com.br/imovel/apartamento-2-quartos-venda-taguatinga-norte-taguatinga-df-cnb-6-1320587,
"QSE 7, TAGUATINGA SUL, TAGUATINGA",115.000,1 Quarto,,30 m²,,https://www.dfimoveis.com.br/imovel/kitnet-1-quarto-venda-taguatinga-sul-taguatinga-df-qse-7-1380693,
"CSB 04 Lote 06, TAGUATINGA SUL, TAGUATINGA",230.000,3 Quartos,,60 m²,,https://www.dfimoveis.com.br/imovel/apartamento-3-quartos-venda-taguatinga-sul-taguatinga-df-csb-04-lote-06-1405920,
"QI 24, SETOR INDUSTRIAL, TAGUATINGA",530.000,3 Quartos,1 Suíte,64 m²,2 Vagas,https://www.dfimoveis.com.br/imovel/apartamento-3-quartos-venda-setor-industrial-taguatinga-df-qi-24-1309193,
"CSG 3, TAGUATINGA SUL, TAGUATINGA",530.000,1 Quarto,1 Suíte,64 m²,1 Vaga,https://www.dfimoveis.com.br/imovel/apartamento-1-quarto-venda-taguatinga-sul-taguatinga-df-csg-3-1406224,
"QI 24, SETOR INDUSTRIAL, TAGUATINGA",550.000,2 Quartos,,90 m²,2 Vagas,https://www.dfimoveis.com.br/imovel/apartamento-2-quartos-venda-setor-industrial-taguatinga-df-qi-24-1367282,
"CSG 3, TAGUATINGA SUL, TAGUATINGA",370.000,1 Quarto,1 Suíte,47 m²,1 Vaga,https://www.dfimoveis.com.br/imovel/apartamento-1-quarto-venda-taguatinga-sul-taguatinga-df-csg-3-1260533,
"QNL 5 Bloco B, TAGUATINGA NORTE, TAGUATINGA",380.000,3 Quartos,1 Suíte,72 m²,1 Vaga,https://www.dfimoveis.com.br/imovel/apartamento-3-quartos-venda-taguatinga-norte-taguatinga-df-qnl-5-bloco-b-1354368,
"C 05 Lote 05, TAGUATINGA CENTRO, TAGUATINGA",250.000,2 Quartos,,60 m²,1 Vaga,https://www.dfimoveis.com.br/imovel/apartamento-2-quartos-venda-taguatinga-centro-taguatinga-df-c-05-lote-05-1348396,
"QI 24, SETOR INDUSTRIAL, TAGUATINGA",354.000,2 Quartos,1 Suíte,55 m²,1 Vaga,https://www.dfimoveis.com.br/imovel/apartamento-2-quartos-venda-setor-industrial-taguatinga-df-qi-24-1418901,
"CNB 9, TAGUATINGA NORTE, TAGUATINGA",1.249.000,4 Quartos,3 Suítes,228 m²,2 Vagas,https://www.dfimoveis.com.br/imovel/apartamento-4-quartos-venda-taguatinga-norte-taguatinga-df-cnb-9-962979,
"CSG 3, TAGUATINGA SUL, TAGUATINGA",1.150.000,3 Quartos,1 Suíte,110 m²,2 Vagas,https://www.dfimoveis.com.br/imovel/apartamento-3-quartos-venda-taguatinga-sul-taguatinga-df-csg-3-968232,
"QNL 6 Bloco C, TAGUATINGA NORTE, TAGUATINGA",260.000,3 Quartos,,74 m²,,https://www.dfimoveis.com.br/imovel/apartamento-3-quartos-venda-taguatinga-norte-taguatinga-df-qnl-6-bloco-c-1385152,
"CSB 05 Lote 08, TAGUATINGA SUL, TAGUATINGA",430.000,3 Quartos,1 Suíte,68 m²,1 Vaga,https://www.dfimoveis.com.br/imovel/apartamento-3-quartos-venda-taguatinga-sul-taguatinga-df-csb-05-lote-08-867353,
"QSC 19 Chacará 25 Conjunto A1, TAGUATINGA SUL, TAGUATINGA",650.000,1 Quarto,,400 m²,2 Vagas,https://www.dfimoveis.com.br/imovel/kitnet-1-quarto-venda-taguatinga-sul-taguatinga-df-qsc-19-chacara-25-conjunto-a1-1375678,
"QI 3, SETOR INDUSTRIAL, TAGUATINGA",175.000,2 Quartos,,49 m²,1 Vaga,https://www.dfimoveis.com.br/imovel/apartamento-2-quartos-venda-setor-industrial-taguatinga-df-qi-3-1420443,
"CNB 3, TAGUATINGA NORTE, TAGUATINGA",274.900,2 Quartos,,65 m²,1 Vaga,https://www.dfimoveis.com.br/imovel/apartamento-2-quartos-venda-taguatinga-norte-taguatinga-df-cnb-3-976315,
"CNB 8, TAGUATINGA NORTE, TAGUATINGA",600.000,3 Quartos,2 Suítes,147 m²,1 Vaga,https://www.dfimoveis.com.br/imovel/apartamento-3-quartos-venda-taguatinga-norte-taguatinga-df-cnb-8-1321152,
"EQNM 34/36 Bloco E, TAGUATINGA NORTE, TAGUATINGA",195.000,1 Quarto,,50 m²,,https://www.dfimoveis.com.br/imovel/apartamento-1-quarto-venda-taguatinga-norte-taguatinga-df-eqnm-34-36-bloco-e-1263503,
"CSB 10, TAGUATINGA SUL, TAGUATINGA",740.000,3 Quartos,2 Suítes,95 m²,1 Vaga,https://www.dfimoveis.com.br/imovel/apartamento-3-quartos-venda-taguatinga-sul-taguatinga-df-csb-10-1354373,
"CSB 10, TAGUATINGA SUL, TAGUATINGA",659.000,3 Quartos,2 Suítes,89 m²,1 Vaga,https://www.dfimoveis.com.br/imovel/apartamento-3-quartos-venda-taguatinga-sul-taguatinga-df-csb-10-1372919,
"CSG 4, TAGUATINGA SUL, TAGUATINGA",120.000,1 Quarto,,30 m²,1 Vaga,https://www.dfimoveis.com.br/imovel/apartamento-1-quarto-venda-taguatinga-sul-taguatinga-df-csg-4-1250809,
"QNM 36 Conjunto D2, TAGUATINGA NORTE, TAGUATINGA",295.000,3 Quartos,2 Suítes,162 m²,3 Vagas,https://www.dfimoveis.com.br/imovel/apartamento-3-quartos-venda-taguatinga-norte-taguatinga-df-qnm-36-conjunto-d2-1070382,
"QSF 1, TAGUATINGA SUL, TAGUATINGA",850.000,2 Quartos,1 Suíte,100 m²,2 Vagas,https://www.dfimoveis.com.br/imovel/apartamento-2-quartos-venda-taguatinga-sul-taguatinga-df-qsf-1-1181604,
"CSG 3, TAGUATINGA SUL, TAGUATINGA",310.000,1 Quarto,,37 m²,1 Vaga,https://www.dfimoveis.com.br/imovel/apartamento-1-quarto-venda-taguatinga-sul-taguatinga-df-csg-3-1380138,
"CNB 10, TAGUATINGA NORTE, TAGUATINGA",585.000,3 Quartos,2 Suítes,83 m²,1 Vaga,https://www.dfimoveis.com.br/imovel/apartamento-3-quartos-venda-taguatinga-norte-taguatinga-df-cnb-10-1345363,
"QNE 27, TAGUATINGA NORTE, TAGUATINGA",250.000,3 Quartos,,60 m²,,https://www.dfimoveis.com.br/imovel/apartamento-3-quartos-venda-taguatinga-norte-taguatinga-df-qne-27-1372435,
"Rua 8 Chacará 246, VILA SAO JOSE, TAGUATINGA",239.990,2 Quartos,,55 m²,,https://www.dfimoveis.com.br/imovel/apartamento-2-quartos-venda-vila-sao-jose-taguatinga-df-rua-8-chacara-246-1156774,
"CSB 04 Lote 04/08, TAGUATINGA SUL, TAGUATINGA",300.000,2 Quartos,,80 m²,,https://www.dfimoveis.com.br/imovel/apartamento-2-quartos-venda-taguatinga-sul-taguatinga-df-csb-04-lote-04-08-1403232,
"CNB 6, TAGUATINGA NORTE, TAGUATINGA",465.000,2 Quartos,2 Suítes,61 m²,1 Vaga,https://www.dfimoveis.com.br/imovel/apartamento-2-quartos-venda-taguatinga-norte-taguatinga-df-cnb-6-1317244,
"QI 12, SETOR INDUSTRIAL, TAGUATINGA",530.000,3 Quartos,1 Suíte,65 m²,2 Vagas,https://www.dfimoveis.com.br/imovel/apartamento-3-quartos-venda-setor-industrial-taguatinga-df-qi-12-1195421,
"QI 24 LoteS 1 A 13, SETOR INDUSTRIAL, TAGUATINGA",350.000,2 Quartos,1 Suíte,54 m²,1 Vaga,https://www.dfimoveis.com.br/imovel/apartamento-2-quartos-venda-setor-industrial-taguatinga-df-qi-24-lotes-1-a-13-1419883,
"CNB 14, TAGUATINGA NORTE, TAGUATINGA",390.000,3 Quartos,1 Suíte,70 m²,,https://www.dfimoveis.com.br/imovel/apartamento-3-quartos-venda-taguatinga-norte-taguatinga-df-cnb-14-1261755,
"CNC 2, TAGUATINGA NORTE, TAGUATINGA",220.000,2 Quartos,,65 m²,,https://www.dfimoveis.com.br/imovel/apartamento-2-quartos-venda-taguatinga-norte-taguatinga-df-cnc-2-1415614,
"CNB 7, TAGUATINGA NORTE, TAGUATINGA",230.000,1 Quarto,,38 m²,,https://www.dfimoveis.com.br/imovel/apartamento-1-quarto-venda-taguatinga-norte-taguatinga-df-cnb-7-1351069,
"QI 3, SETOR INDUSTRIAL, TAGUATINGA",300.000,2 Quartos,1 Suíte,57 m²,1 Vaga,https://www.dfimoveis.com.br/imovel/apartamento-2-quartos-venda-setor-industrial-taguatinga-df-qi-3-1359517,
"CSB 3, TAGUATINGA SUL, TAGUATINGA",420.000,3 Quartos,,60 m²,1 Vaga,https://www.dfimoveis.com.br/imovel/apartamento-3-quartos-venda-taguatinga-sul-taguatinga-df-csb-3-1319446,
"CNB 11, TAGUATINGA NORTE, TAGUATINGA",287.000,2 Quartos,,58 m²,1 Vaga,https://www.dfimoveis.com.br/imovel/apartamento-2-quartos-venda-taguatinga-norte-taguatinga-df-cnb-11-1418700,
"CSB 03 Lote 05, TAGUATINGA SUL, TAGUATINGA",450.000,3 Quartos,1 Suíte,70 m²,1 Vaga,https://www.dfimoveis.com.br/imovel/apartamento-3-quartos-venda-taguatinga-sul-taguatinga-df-csb-03-lote-05-1409111,
"CSG 3, TAGUATINGA SUL, TAGUATINGA",649.000,2 Quartos,1 Suíte,83 m²,1 Vaga,https://www.dfimoveis.com.br/imovel/apartamento-2-quartos-venda-taguatinga-sul-taguatinga-df-csg-3-515736,
"CNB 6, TAGUATINGA NORTE, TAGUATINGA",530.000,2 Quartos,2 Suítes,62 m²,2 Vagas,https://www.dfimoveis.com.br/imovel/apartamento-2-quartos-venda-taguatinga-norte-taguatinga-df-cnb-6-1420442,
"QI 3, SETOR INDUSTRIAL, TAGUATINGA",450.000,3 Quartos,1 Suíte,64 m²,1 Vaga,https://www.dfimoveis.com.br/imovel/apartamento-3-quartos-venda-setor-industrial-taguatinga-df-qi-3-1420447,
"CSG 3, TAGUATINGA SUL, TAGUATINGA",400.000,1 Quarto,1 Suíte,50 m²,1 Vaga,https://www.dfimoveis.com.br/imovel/apartamento-1-quarto-venda-taguatinga-sul-taguatinga-df-csg-3-1400103,
"SAGOCA, TAGUATINGA NORTE, TAGUATINGA",350.000,2 Quartos,,72 m²,1 Vaga,https://www.dfimoveis.com.br/imovel/apartamento-2-quartos-venda-taguatinga-norte-taguatinga-df-sagoca-1214683,
